x,y,p,c
4.7,1,1,1
6.5,1,1,1
1.70377358490566,1,1,1
2.46981132075472,1,1,1
1,0,1,1
3.1,1,1,1
1.15,0,1,1
1.98,1,1,1
1,0,1,1
1.507,1,1,1
1,0,1,1
1.60363636363637,1,1,1
1,1,1,1
0.600000000000001,0,1,1
1.15,1,1,1
0.5,0,1,1
1.35,1,1,1
1.36836734693877,0,1,1
0.600000000000001,0,1,1
1.17636363636364,1,1,1
1.4,1,1,1
1.33584905660377,1,1,1
1.41037735849056,1,1,1
0.600000000000001,0,1,1
1.3,1,1,1
1.32314814814815,0,1,1
1.3,1,1,1
1.34117647058823,1,1,1
5.9,1,1,2
3.6,0,1,2
7.64905660377359,1,1,2
2.9,0,1,2
4.9,1,1,2
6.6,1,1,2
4.2,0,1,2
5.4,1,1,2
4,1,1,2
2.4,0,1,2
2.8,0,1,2
6.12211538461539,1,1,2
4.3,1,1,2
2.9,0,1,2
4.9,1,1,2
3.8,0,1,2
4.6,1,1,2
3.9,1,1,2
3.3,0,1,2
4.5,1,1,2
3.6,0,1,2
4.3,1,1,2
4.2,1,1,2
3.6,1,1,2
3.3,0,1,2
4.2,0,1,2
3.3,0,1,2
4.5,0,1,2
4.9,1,1,2
15.2,0,1,3
21.3163461538462,0,1,3
25,1,1,3
19.5,0,1,3
23.2177777777778,0,1,3
25.758,0,1,3
14.1,0,1,3
26.9679245283019,1,1,3
17.8,0,1,3
25.1,1,1,3
24.427358490566,1,1,3
22.5157407407407,1,1,3
12.8,0,1,3
15.9,0,1,3
23.0192307692308,0,1,3
27,1,1,3
25.5557692307692,1,1,3
23,0,1,3
23.8,0,1,3
25.2,0,1,3
28.0611111111111,0,1,3
13.6,0,1,3
30,0,1,3
8.6,0,1,3
12.3423076923077,0,1,3
15.3,0,1,3
30.0759259259259,0,1,3
13.9972222222222,0,1,3
16.1,0,1,3
17.5,0,1,3
30,1,1,3
30.0788461538462,0,1,3
17.8,0,1,3
18.7,0,1,3
30.0809090909091,1,1,3
30,0,1,3
19,1,1,3
15.9,0,1,3
16.9,0,1,3
17.7,0,1,3
12.5,0,1,4
15.5,1,1,4
10.9,0,1,4
14.1,0,1,4
16.6,1,1,4
13.3,0,1,4
14.9,1,1,4
12.9,0,1,4
14.6,0,1,4
15.75,1,1,4
15.25,0,1,4
16.7,1,1,4
16.1716981132075,0,1,4
10.1,0,1,4
17.9,1,1,4
17.2935185185185,1,1,4
16.25,0,1,4
18.7,1,1,4
18,1,1,4
13.8,0,1,4
15.65,0,1,4
17.3,1,1,4
15.9076923076923,1,1,4
14.7,0,1,4
16.55,0,1,4
17.3,1,1,4
17.1,1,1,4
14.9,0,1,4
15.1364583333333,0,1,4
16.681,1,1,4
15.4,0,1,4
15.55,0,1,4
16.5490909090909,0,1,4
17.05,1,1,4
15.5,0,1,4
15.742,0,1,4
15.8,0,1,4
15.95,0,1,4
16.05,0,1,4
7.7,1,2,1
4.7,1,2,1
2.989,1,2,1
6.5,1,2,1
1.75,1,2,1
2.417,1,2,1
1,0,2,1
3.1,1,2,1
1.1,0,2,1
1.90480769230769,1,2,1
1.05,0,2,1
1.5,1,2,1
1,0,2,1
1.60865384615385,1,2,1
1,0,2,1
1.6,1,2,1
1.64716981132076,1,2,1
1.05,1,2,1
1,1,2,1
0.600000000000001,0,2,1
1.2,0,2,1
1,0,2,1
1,0,2,1
1.05,0,2,1
1,1,2,1
1,1,2,1
0.5,0,2,1
1.35865384615385,1,2,1
1.32211538461539,1,2,1
1.35,1,2,1
5.89375,1,2,2
3.6,1,2,2
6.91862745098039,1,2,2
2.1,0,2,2
4.6,1,2,2
2.7,1,2,2
1.5,0,2,2
3.3,1,2,2
1.8,0,2,2
2.6,1,2,2
1.8,0,2,2
2.4,1,2,2
1.9,0,2,2
2.4,1,2,2
2.4,1,2,2
1.9,1,2,2
1.5,1,2,2
0.899999999999999,1,2,2
7.3,1,2,2
5.6,1,2,2
0.199999999999999,0,2,2
0.5,0,2,2
0.800000000000001,1,2,2
4.4,1,2,2
0.0755102040816337,0,2,2
0.100000000000001,1,2,2
4.6,1,2,2
0,0,2,2
0.100000000000001,1,2,2
4.5,1,2,2
15.1938775510204,1,2,3
9,0,2,3
12.8,0,2,3
18.2,1,2,3
16.5,0,2,3
0.199999999999999,0,2,3
23.2,1,2,3
21.4,1,2,3
15.4,1,2,3
11.343,0,2,3
13.9625,1,2,3
10.5040816326531,0,2,3
14.2,1,2,3
13.3433962264151,1,2,3
12.414,0,2,3
13.5,1,2,3
12.595,1,2,3
10.9,1,2,3
5.3,0,2,3
7.2,0,2,3
8.7,0,2,3
14.6,1,2,3
11.5,1,2,3
8.6,1,2,3
3.6,0,2,3
5.3,0,2,3
6.7,1,2,3
0.399999999999999,0,2,3
2.49818181818182,0,2,3
4.2,0,2,3
16.5,1,2,3
6.7,0,2,3
7.7,0,2,3
8.6,1,2,3
15.6,1,2,3
6.2,0,2,3
14.6,1,2,3
7.3,0,2,3
14,1,2,3
8.3,1,2,3
12.5,1,2,4
9.4421568627451,1,2,4
7.74607843137255,1,2,4
11.3,1,2,4
6.5,1,2,4
7.2,1,2,4
5.8,0,2,4
7.9,1,2,4
5.9,1,2,4
7,1,2,4
5.5,0,2,4
5.4,1,2,4
7.6,1,2,4
5.1,1,2,4
7.92115384615385,1,2,4
6.949,1,2,4
6.3,0,2,4
8.22019230769231,1,2,4
7.4,1,2,4
4.9,0,2,4
4.9,0,2,4
5.1,0,2,4
5.7,1,2,4
4.9,0,2,4
6,1,2,4
4.9,0,2,4
5.9,0,2,4
4.9,1,2,4
4.9,0,2,4
4.9,0,2,4
6.5,1,2,4
4.9,0,2,4
6.3,1,2,4
4.9,0,2,4
6.2,1,2,4
6.1,0,2,4
5,0,2,4
5.1,0,2,4
6.4,1,2,4
5.3,0,2,4
7.7,1,3,1
4.6,1,3,1
2.9,1,3,1
6.490625,1,3,1
1.7,1,3,1
2.45,1,3,1
1,1,3,1
1.3,1,3,1
0.600000000000001,1,3,1
0.699999999999999,1,3,1
0.699999999999999,1,3,1
0.399999999999999,0,3,1
0.899999999999999,1,3,1
0.199999999999999,0,3,1
0.100000000000001,0,3,1
0.699999999999999,1,3,1
0.141818181818182,0,3,1
0.699999999999999,1,3,1
0.100000000000001,0,3,1
0.699999999999999,1,3,1
0.100000000000001,0,3,1
0.699999999999999,1,3,1
0.100000000000001,0,3,1
0.699999999999999,1,3,1
0.100000000000001,0,3,1
0.699999999999999,1,3,1
0.100000000000001,0,3,1
0.699999999999999,1,3,1
0.100000000000001,0,3,1
0.699999999999999,1,3,1
5.9,1,3,2
7.6,1,3,2
4.9,1,3,2
6.6,1,3,2
4.2,0,3,2
5.4,0,3,2
9.8,1,3,2
8.38137254901961,1,3,2
3.3,1,3,2
12,1,3,2
10.9,1,3,2
1.8,0,3,2
2.5,0,3,2
4.6,0,3,2
4.2,1,3,2
1.5,0,3,2
6.917,1,3,2
2.9,0,3,2
5.2,0,3,2
6.7,1,3,2
4.7,0,3,2
4.8,1,3,2
3.3,0,3,2
6.4,1,3,2
3.9,0,3,2
4.2,1,3,2
6.3,1,3,2
3.4,0,3,2
15.1294117647059,0,3,3
21.3,1,3,3
17.5754716981132,1,3,3
12.1,0,3,3
13.8141509433962,0,3,3
18.271,1,3,3
16.3387755102041,1,3,3
14.9,0,3,3
15.7,0,3,3
16.5018867924528,0,3,3
18.971,0,3,3
2.8,0,3,3
24.2,1,3,3
22.6,0,3,3
0.199999999999999,0,3,3
1.24509803921569,0,3,3
28.2,1,3,3
25.8,0,3,3
0.199999999999999,0,3,3
2.7,0,3,3
0.100000000000001,0,3,3
1.1,0,3,3
4.7,0,3,3
3.34807692307692,0,3,3
6,0,3,3
8.1,0,3,3
8.2,0,3,3
9.7,0,3,3
10.9,0,3,3
11.9,0,3,3
12.8,0,3,3
13,0,3,3
13.7,0,3,3
14.422641509434,0,3,3
15.0192307692308,0,3,3
15.508,0,3,3
12.5,1,3,4
9.5,0,3,4
14.1,1,3,4
10.9,0,3,4
15,1,3,4
10.3,0,3,4
11.8,1,3,4
9.97788461538461,0,3,4
11.6,1,3,4
11.1875,0,3,4
12.1,0,3,4
14.8,1,3,4
13.5,0,3,4
4.9,0,3,4
4.9,0,3,4
4.9,0,3,4
4.9,0,3,4
17,1,3,4
16.2,1,3,4
15.6,1,3,4
14.9,1,3,4
12.9,1,3,4
12.5,0,3,4
15.1,1,3,4
14.3,0,3,4
16.8,1,3,4
16.1,1,3,4
9.60104166666667,0,3,4
14.9,0,3,4
17,1,3,4
16.4,1,3,4
9.8,0,3,4
15.4,0,3,4
17.2,1,3,4
16.7,1,3,4
9.87352941176471,0,3,4
15.9,0,3,4
17.5,1,3,4
17,1,3,4
7.7,1,4,1
4.7,1,4,1
2.93365384615385,1,4,1
6.5,1,4,1
2.5,1,4,1
1.05,1,4,1
1.33148148148148,1,4,1
0.600000000000001,1,4,1
0.699999999999999,1,4,1
0.699999999999999,1,4,1
0.399999999999999,1,4,1
0.399999999999999,1,4,1
0.399999999999999,1,4,1
0.399999999999999,0,4,1
0.800000000000001,1,4,1
0.300000000000001,1,4,1
0.399999999999999,1,4,1
0.399999999999999,1,4,1
0.399999999999999,1,4,1
0.399999999999999,1,4,1
0.399999999999999,1,4,1
0.399999999999999,1,4,1
0.399999999999999,1,4,1
0.399999999999999,1,4,1
0.399999999999999,1,4,1
0.399999999999999,1,4,1
0.399999999999999,1,4,1
0.399999999999999,0,4,1
5.83913043478261,1,4,2
3.6,1,4,2
6.9,1,4,2
2.1,0,4,2
4.6,1,4,2
2.7,0,4,2
5.1,1,4,2
3.1,1,4,2
2,0,4,2
3.5,1,4,2
2.5,0,4,2
3.5,1,4,2
2.7,1,4,2
2.1,1,4,2
6.3,1,4,2
1.2,0,4,2
1.5,0,4,2
1.89489795918367,0,4,2
2.3,1,4,2
1.3,0,4,2
3.6,1,4,2
1.8,0,4,2
3.1,0,4,2
3.7,1,4,2
2.1,0,4,2
2.6,0,4,2
2.6,1,4,2
3.6,1,4,2
2.09555555555556,0,4,2
15.2,0,4,3
21.3,0,4,3
25.018,0,4,3
26.9519230769231,0,4,3
28.1663461538462,1,4,3
21.2,0,4,3
26.2411764705882,0,4,3
28.2598214285714,0,4,3
23.5207547169811,0,4,3
28.8,0,4,3
29.3,1,4,3
25.2204081632653,0,4,3
28.649,1,4,3
26.2518867924528,0,4,3
29.4,0,4,3
25.0336734693878,0,4,3
24.2081632653061,0,4,3
25.8,0,4,3
26.6362745098039,0,4,3
27.3561224489796,0,4,3
29.8,0,4,3
27.5,0,4,3
27.9521739130435,0,4,3
28.5614583333333,0,4,3
28.8,0,4,3
29.1,0,4,3
29.2557692307692,0,4,3
29.4,1,4,3
28.3,0,4,3
28.5408163265306,0,4,3
28.6,0,4,3
28.7591836734694,1,4,3
28.1,0,4,3
28.2,0,4,3
28.3382352941177,0,4,3
28.4,0,4,3
28.5,0,4,3
28.6461538461539,0,4,3
12.5,0,4,4
15.5,0,4,4
17.2,0,4,4
13.7,0,4,4
18.4,1,4,4
16.3,0,4,4
17.95,0,4,4
18.9,1,4,4
17.3,0,4,4
18.75,0,4,4
15.6,0,4,4
19.25,1,4,4
19.1509433962264,1,4,4
18.2,0,4,4
19.15,1,4,4
18.3,0,4,4
18.7367924528302,0,4,4
19.2424528301887,0,4,4
19.8,1,4,4
19.6,0,4,4
16.6,0,4,4
20,0,4,4
15.4,0,4,4
16.6,0,4,4
17.2,0,4,4
20,0,4,4
17.0594339622642,0,4,4
17.44,0,4,4
17.6,0,4,4
20.1,1,4,4
20,0,4,4
17.7,1,4,4
16.8,0,4,4
17.1,0,4,4
17.45,0,4,4
17.5,0,4,4
20.05,1,4,4
20,0,4,4
17.6,0,4,4
17.7,0,4,4
4.7,1,5,1
3,1,5,1
6.5,1,5,1
1.7,0,5,1
3.9,1,5,1
2.25,1,5,1
1.2,1,5,1
7,1,5,1
4.8,1,5,1
1.25,1,5,1
1.3,1,5,1
0.800000000000001,1,5,1
1.1,1,5,1
0.600000000000001,1,5,1
0.800000000000001,1,5,1
0.699999999999999,1,5,1
0.399999999999999,0,5,1
0.800000000000001,1,5,1
0.100000000000001,0,5,1
0.100000000000001,0,5,1
0.100000000000001,0,5,1
0.699999999999999,1,5,1
0.100000000000001,0,5,1
0.699999999999999,0,5,1
0.699999999999999,1,5,1
0.699999999999999,1,5,1
0.100000000000001,0,5,1
0.699999999999999,1,5,1
5.9,1,5,2
7.65408163265306,1,5,2
2.9,0,5,2
4.9,1,5,2
6.62448979591837,1,5,2
4.2,0,5,2
5.4,1,5,2
4,1,5,2
2.4,0,5,2
2.8,0,5,2
4.5,1,5,2
3.6,1,5,2
2.3,0,5,2
2.8,0,5,2
4,1,5,2
3.9,1,5,2
3.3,0,5,2
4,1,5,2
3.9,1,5,2
3.4,1,5,2
3,0,5,2
3.7,1,5,2
3.6,1,5,2
3.1,1,5,2
2.8,0,5,2
2.9,0,5,2
3.6,1,5,2
3.3,0,5,2
3.1,0,5,2
15.1925925925926,0,5,3
21.3,0,5,3
25,0,5,3
26.9153846153846,0,5,3
28.1,0,5,3
28.7234693877551,0,5,3
29.3230769230769,0,5,3
27.7240384615385,0,5,3
29.9,1,5,3
29.2156862745098,0,5,3
30,0,5,3
28.4,0,5,3
29.816,0,5,3
28.209,1,5,3
20.8,1,5,3
0.199999999999999,0,5,3
0.15,0,5,3
1.246875,0,5,3
10.7,1,5,3
0.167307692307692,0,5,3
0,0,5,3
0,0,5,3
0,0,5,3
6.1,0,5,3
23.7,1,5,3
0.199999999999999,0,5,3
0.100000000000001,0,5,3
4.6,0,5,3
10.4,0,5,3
15.077,1,5,3
0.100000000000001,0,5,3
2.9,0,5,3
6.4,0,5,3
9.2,0,5,3
11.6,1,5,3
1.8,0,5,3
4.4,0,5,3
6.5,0,5,3
8.2,0,5,3
12.5,1,5,4
9.46538461538461,0,5,4
14.1,1,5,4
10.9,1,5,4
8.47115384615384,1,5,4
20,1,5,4
17.7,1,5,4
7.68018867924529,0,5,4
9.07941176470588,0,5,4
14.6,1,5,4
9.06792452830189,0,5,4
10.1990196078431,0,5,4
11.4,0,5,4
15.6,1,5,4
9.27608695652174,0,5,4
11.4924528301887,1,5,4
9.6,0,5,4
11.1,0,5,4
12.4,0,5,4
15.1,1,5,4
13.7,1,5,4
9.984,0,5,4
12.1,1,5,4
12.2,0,5,4
13.8,1,5,4
10.285,0,5,4
13.1,1,5,4
11,0,5,4
11.8,0,5,4
11.5,0,5,4
13,0,5,4
13.7,1,5,4
11.4,0,5,4
13.3,0,5,4
14.2,1,5,4
13.9,1,5,4
11.6,0,5,4
11.9,0,5,4
12.6,0,5,4
12.392,1,5,4
7.7,1,6,1
4.7,1,6,1
2.99508196721311,1,6,1
6.5,1,6,1
1.7,0,6,1
3.85,1,6,1
2.2,1,6,1
1.2,1,6,1
7,1,6,1
4.8,1,6,1
1.2,1,6,1
1.35,1,6,1
0.800000000000001,1,6,1
1.1,1,6,1
0.600000000000001,1,6,1
0.800000000000001,1,6,1
0.699999999999999,1,6,1
0.399999999999999,0,6,1
0.800000000000001,1,6,1
0.100000000000001,0,6,1
0.100000000000001,0,6,1
0.100000000000001,0,6,1
0.699999999999999,1,6,1
0.100000000000001,0,6,1
0.699999999999999,1,6,1
0.100000000000001,0,6,1
0.699999999999999,1,6,1
0.100000000000001,0,6,1
0.699999999999999,1,6,1
0.100000000000001,0,6,1
5.8,1,6,2
3.6,0,6,2
7.6,1,6,2
2.9,0,6,2
4.9,1,6,2
6.6,1,6,2
4.2,0,6,2
5.4,1,6,2
4.7,1,6,2
3.88660714285714,1,6,2
2.6,0,6,2
3,0,6,2
4.5,0,6,2
5.6,1,6,2
4.1,0,6,2
4.3,0,6,2
5,1,6,2
4.3,1,6,2
3.8,0,6,2
4.9,0,6,2
5.6,1,6,2
5.3,1,6,2
4.1,0,6,2
4.5,1,6,2
5,0,6,2
5.6,1,6,2
3.8,0,6,2
5.2,1,6,2
4.1,1,6,2
15.2,0,6,3
21.3,0,6,3
25,1,6,3
19.5,1,6,3
0.199999999999999,0,6,3
8.4,0,6,3
19.8,0,6,3
9.5,0,6,3
23.1,1,6,3
20.7,1,6,3
11.4327272727273,0,6,3
17.1,0,6,3
24.203,1,6,3
18.8,1,6,3
14.8,0,6,3
19,1,6,3
19.1,1,6,3
17.7,0,6,3
19.2,1,6,3
18.3,1,6,3
17.4,0,6,3
18.4,0,6,3
19.5,0,6,3
23.6,1,6,3
22.3,1,6,3
16.1,1,6,3
12.4,0,6,3
13.7362745098039,0,6,3
22.5,1,6,3
15.5,0,6,3
16.1,1,6,3
13.7432692307692,0,6,3
22.1,1,6,3
15,0,6,3
21.1,1,6,3
15.8,1,6,3
14.1701923076923,1,6,3
12.1009433962264,0,6,3
12.8,1,6,3
10.1,0,6,3
12.4990384615385,1,6,4
9.44727272727273,0,6,4
14.1,1,6,4
10.9,0,6,4
15,1,6,4
10.2418367346939,0,6,4
11.8,1,6,4
10,0,6,4
11.5824074074074,1,6,4
11.1888888888889,1,6,4
10.398,0,6,4
10.9,0,6,4
11.5,0,6,4
12.3,0,6,4
15.6,1,6,4
14.5,0,6,4
4.9,0,6,4
20.3927083333333,1,6,4
17.8,1,6,4
15.9,1,6,4
13.5,1,6,4
13,0,6,4
16.9,1,6,4
8.69814814814815,0,6,4
14.5,0,6,4
17.85,1,6,4
16.8,1,6,4
9.18,0,6,4
15.2,0,6,4
17.6,1,6,4
16.8,1,6,4
9.551,0,6,4
15.7,0,6,4
17.5,1,6,4
9.58018867924528,0,6,4
16.6,1,6,4
16.1,0,6,4
17.6,1,6,4
9.97232142857143,0,6,4
16.8,1,6,4
7.7,1,7,1
4.7,1,7,1
6.5,1,7,1
1.7,1,7,1
1.05,0,7,1
3.1,1,7,1
1.15,0,7,1
1.9875,1,7,1
1,0,7,1
1.5,1,7,1
1.01734693877551,1,7,1
0.5,0,7,1
0.600000000000001,0,7,1
1.6,1,7,1
1.24636363636364,1,7,1
0.600000000000001,0,7,1
1.309,1,7,1
1.36979166666667,1,7,1
1.34910714285714,1,7,1
0.600000000000001,1,7,1
0.600000000000001,0,7,1
0.600000000000001,1,7,1
0.300000000000001,1,7,1
0.100000000000001,0,7,1
0.100000000000001,0,7,1
0.100000000000001,0,7,1
0.199999999999999,0,7,1
0.300000000000001,0,7,1
5.9,0,7,2
8.35,1,7,2
4.3,0,7,2
7.2,1,7,2
7.92659574468085,1,7,2
6.3,1,7,2
5.2,0,7,2
6.8,0,7,2
2.6,0,7,2
8.73173076923077,1,7,2
6.5,0,7,2
8.325,1,7,2
6.6,0,7,2
7.53725490196078,1,7,2
6.60816326530612,1,7,2
6.007,0,7,2
7.15,0,7,2
7.8,0,7,2
9.38877551020408,1,7,2
8.75,1,7,2
8.33679245283019,0,7,2
0.100000000000001,0,7,2
12,1,7,2
11.7,1,7,2
10.6,1,7,2
9.87211538461538,1,7,2
9.38367346938776,1,7,2
15.1980392156863,1,7,3
9,1,7,3
5.3,0,7,3
10.8094339622642,0,7,3
0,0,7,3
0,0,7,3
0,0,7,3
0,0,7,3
17.1,1,7,3
18,1,7,3
17.9,1,7,3
10.6,0,7,3
13.3460784313726,0,7,3
19.2,1,7,3
12.7943396226415,0,7,3
14.6,1,7,3
12.5367346938776,0,7,3
13.9943396226415,0,7,3
15.6,0,7,3
19.9,1,7,3
19.3,1,7,3
18.4,1,7,3
14.788679245283,0,7,3
16.4,0,7,3
20.2,1,7,3
19.5,1,7,3
16.2,0,7,3
16.2,1,7,3
12.9,0,7,3
13.4355769230769,0,7,3
15.6,1,7,3
13.2342592592593,0,7,3
17.4,0,7,3
19.9,1,7,3
19.1,1,7,3
13.4551020408163,0,7,3
17.7,1,7,3
14.5981132075472,1,7,3
13.1509433962264,0,7,3
12.5,0,7,4
15.5,1,7,4
10.9,0,7,4
14.1,0,7,4
16.5,1,7,4
13.3,1,7,4
4.9,0,7,4
6.43301886792453,0,7,4
9.44903846153846,0,7,4
14,0,7,4
16.6,1,7,4
14.6,0,7,4
16.2,1,7,4
14.3,0,7,4
15.1,1,7,4
14.2,1,7,4
12.2,0,7,4
16.2,0,7,4
19.45,1,7,4
18.4933962264151,1,7,4
11.9,0,7,4
16.7,1,7,4
13.4,1,7,4
11.1622807017544,1,7,4
6.91666666666667,0,7,4
8.57777777777778,0,7,4
18.4,1,7,4
10.8,0,7,4
11.4,0,7,4
16.85,1,7,4
12.6,0,7,4
15.9,1,7,4
13,0,7,4
13.3,0,7,4
15.5,0,7,4
16.5,0,7,4
17.5557692307692,1,7,4
17.3230769230769,1,7,4
13,1,7,4
7.7,1,8,1
4.7,1,8,1
2.95865384615385,1,8,1
6.5,1,8,1
1.75,1,8,1
2.44607843137255,0,8,1
13.0887755102041,1,8,1
10,1,8,1
7.1,1,8,1
1.85,0,8,1
5.4,1,8,1
1.45,0,8,1
3.4,1,8,1
2.15566037735849,0,8,1
2.1,1,8,1
0.699999999999999,0,8,1
0.949999999999999,0,8,1
3.25,1,8,1
2.51960784313726,1,8,1
1.3,0,8,1
2.85,1,8,1
1.65,1,8,1
1,0,8,1
1.134,0,8,1
2.4,1,8,1
2.3,1,8,1
1.372,1,8,1
0.899999999999999,1,8,1
0.300000000000001,0,8,1
0.5,0,8,1
8.4,1,8,2
4.35,0,8,2
7.25,1,8,2
3.4,0,8,2
7.94166666666667,1,8,2
6.31944444444444,0,8,2
7.75,1,8,2
6.6,1,8,2
5.6,0,8,2
6.8,1,8,2
6,0,8,2
6.51018518518518,1,8,2
6,0,8,2
6.53921568627451,1,8,2
6,1,8,2
5.6,0,8,2
5.8,1,8,2
5.1,0,8,2
5.4,0,8,2
6.63636363636364,1,8,2
5.7,1,8,2
5.2,0,8,2
5.4,0,8,2
6.5287037037037,1,8,2
5.6,1,8,2
5.2,0,8,2
6.51470588235294,1,8,2
5.41057692307692,0,8,2
6.303,1,8,2
15.2,0,8,3
21.3,0,8,3
25.0387755102041,0,8,3
26.9216981132075,0,8,3
28.1345454545455,0,8,3
28.7688888888889,0,8,3
29.389,0,8,3
27.728,0,8,3
29.9644230769231,0,8,3
29.777,0,8,3
29.7961538461539,0,8,3
29.7591836734694,0,8,3
29.7663461538462,0,8,3
29.7418181818182,1,8,3
29.4527272727273,1,8,3
26.02,0,8,3
27.7442307692308,1,8,3
17.9,0,8,3
21,0,8,3
24.5,0,8,3
27.116,1,8,3
16.8,1,8,3
0.199999999999999,0,8,3
0.100000000000001,0,8,3
3.4,0,8,3
11.615,0,8,3
19.2,0,8,3
22.316,0,8,3
23.8,0,8,3
24.9538461538462,0,8,3
25.871568627451,0,8,3
26.6054545454546,0,8,3
27.527358490566,0,8,3
28.2147058823529,0,8,3
28.5892156862745,0,8,3
28.7259615384615,0,8,3
28.941,0,8,3
29.0269230769231,0,8,3
29.2283018867924,0,8,3
29.428125,0,8,3
12.5,0,8,4
15.5,0,8,4
17.2258928571429,1,8,4
10.8,0,8,4
14.5,0,8,4
16.65,0,8,4
18,1,8,4
15.9,1,8,4
9.1,0,8,4
11.3,0,8,4
18.3,1,8,4
16.3,1,8,4
14.7,0,8,4
16.3,1,8,4
15.1,0,8,4
16.25,0,8,4
17.4,1,8,4
17,1,8,4
15.5,0,8,4
16.3,0,8,4
17.1,1,8,4
15.7,0,8,4
16.8,1,8,4
15.9,0,8,4
16.75,1,8,4
16,0,8,4
16.05,0,8,4
16.7,0,8,4
16.95,0,8,4
17.35,1,8,4
17.2,1,8,4
16.1,0,8,4
16.25,0,8,4
16.35,0,8,4
17.1,0,8,4
17.3,1,8,4
17.3,1,8,4
16.2,0,8,4
17.15,1,8,4
16.3,0,8,4
7.7,1,9,1
4.7,1,9,1
3,1,9,1
6.5,1,9,1
1.7,1,9,1
2.43090909090909,1,9,1
1,1,9,1
1.3,1,9,1
0.600000000000001,1,9,1
0.699999999999999,1,9,1
0.699999999999999,1,9,1
0.399999999999999,0,9,1
0.899999999999999,1,9,1
0.199999999999999,0,9,1
0.100000000000001,0,9,1
0.699999999999999,1,9,1
0.100000000000001,0,9,1
0.699999999999999,1,9,1
0.100000000000001,1,9,1
0.100000000000001,0,9,1
0.100000000000001,0,9,1
0.100000000000001,0,9,1
0.100000000000001,0,9,1
0.699999999999999,1,9,1
0.100000000000001,0,9,1
0.699999999999999,1,9,1
0.100000000000001,0,9,1
0.699999999999999,1,9,1
0.100000000000001,0,9,1
0.699999999999999,1,9,1
5.9,1,9,2
3.6,0,9,2
7.6,1,9,2
2.9,0,9,2
4.9,1,9,2
6.6,1,9,2
4.2,1,9,2
2.8,1,9,2
10.7759615384615,1,9,2
8.69,1,9,2
2,0,9,2
2.2,1,9,2
8.85652173913043,1,9,2
0.699999999999999,1,9,2
10.8625,1,9,2
8.65102040816327,1,9,2
6.8,1,9,2
0.899999999999999,0,9,2
0.25,0,9,2
1.1,0,9,2
1.3,0,9,2
2.9,0,9,2
2.3,0,9,2
3.3,0,9,2
3.2,0,9,2
3.3,0,9,2
3.3,0,9,2
4.4,1,9,2
3.4,1,9,2
2.9,0,9,2
15.2,0,9,3
21.3,0,9,3
25,0,9,3
26.9117647058823,0,9,3
28.1,0,9,3
28.7,0,9,3
29.3,0,9,3
27.7,1,9,3
12.6076923076923,0,9,3
17.1,0,9,3
21.7,0,9,3
26,0,9,3
29,1,9,3
24.1,1,9,3
8.6,0,9,3
13.0566037735849,0,9,3
17.9,0,9,3
22.1,0,9,3
24.8,0,9,3
26,0,9,3
26.6,0,9,3
24.4,0,9,3
25.2,1,9,3
21.4,0,9,3
22.6,0,9,3
23.5,0,9,3
24.2,0,9,3
24.1,0,9,3
24.6,0,9,3
25,0,9,3
25.4,0,9,3
25.8017857142857,1,9,3
24.1598039215686,0,9,3
24.5,0,9,3
24.6,0,9,3
24.9,0,9,3
25.1,0,9,3
12.5,0,9,4
15.5,0,9,4
17.2,1,9,4
10.786,0,9,4
14.5,0,9,4
16.6,0,9,4
17.9,1,9,4
15.9,0,9,4
17.6,0,9,4
12.9,0,9,4
18.5,1,9,4
18.4,1,9,4
17.2,0,9,4
18.4,1,9,4
17.2,0,9,4
17.7,0,9,4
18.5,1,9,4
17.5,0,9,4
17.5,0,9,4
18.2,0,9,4
18.7,1,9,4
18.6,0,9,4
19.1,1,9,4
19,1,9,4
18.8,1,9,4
17.6,0,9,4
17.7,0,9,4
17.9,0,9,4
18.5,1,9,4
17.9,0,9,4
18.55,0,9,4
18.8,0,9,4
19.2,1,9,4
19.1,1,9,4
19,0,9,4
19.4682692307692,0,9,4
20.1,1,9,4
19.8,1,9,4
19.7,1,9,4
19.5,1,9,4
7.7,1,10,1
4.7,1,10,1
2.991,1,10,1
6.5,1,10,1
1.72358490566038,1,10,1
2.4,1,10,1
1,1,10,1
1.33265306122449,1,10,1
0.600000000000001,1,10,1
0.699999999999999,1,10,1
0.699999999999999,1,10,1
0.399999999999999,1,10,1
0.399999999999999,1,10,1
0.399999999999999,1,10,1
0.399999999999999,1,10,1
0.399999999999999,1,10,1
0.399999999999999,1,10,1
0.399999999999999,1,10,1
0.399999999999999,1,10,1
0.399999999999999,1,10,1
0.399999999999999,1,10,1
0.399999999999999,1,10,1
0.399999999999999,1,10,1
0.399999999999999,1,10,1
0.399999999999999,1,10,1
0.399999999999999,1,10,1
0.399999999999999,1,10,1
0.399999999999999,1,10,1
0.399999999999999,1,10,1
0.399999999999999,1,10,1
5.9,0,10,2
8.4,1,10,2
4.3,0,10,2
7.23921568627451,1,10,2
3.4,0,10,2
7.94038461538462,1,10,2
6.3,1,10,2
5.2,1,10,2
11,1,10,2
3,0,10,2
5.3,1,10,2
5.3,1,10,2
4.6,1,10,2
3.8,0,10,2
5,0,10,2
3,0,10,2
5.6,1,10,2
5.4,1,10,2
4.6,1,10,2
3.9,1,10,2
2.8,0,10,2
3.1,0,10,2
4.8,1,10,2
4.6,1,10,2
4.4,1,10,2
4.8,1,10,2
3.7,0,10,2
4.7,0,10,2
15.2,1,10,3
9,0,10,3
12.7754545454545,0,10,3
18.2,1,10,3
16.5,1,10,3
12,0,10,3
13.9147058823529,0,10,3
15.3783018867925,1,10,3
14.6,0,10,3
16.1,0,10,3
21.9,1,10,3
20.5,1,10,3
18.6,1,10,3
15.4,0,10,3
18.9,0,10,3
3.78823529411765,0,10,3
24.8117647058824,1,10,3
22.6,1,10,3
11.3311320754717,0,10,3
17.6,1,10,3
17.2,0,10,3
21.1,1,10,3
12.6739583333333,0,10,3
18.6,1,10,3
17.8,1,10,3
16.9,1,10,3
16.5,1,10,3
14.0820754716981,0,10,3
16.5,0,10,3
17.8,1,10,3
14.2854545454546,0,10,3
17.4,1,10,3
15.1846153846154,0,10,3
17.3,1,10,3
16.4,0,10,3
15.086,0,10,3
17.5,1,10,3
15.6959183673469,0,10,3
16.2,0,10,3
16.1,1,10,3
12.5,0,10,4
15.5,0,10,4
17.2,1,10,4
10.8,0,10,4
14.5,0,10,4
16.6,1,10,4
14.6,1,10,4
4.9,0,10,4
8.2343137254902,0,10,4
11,0,10,4
15.3,0,10,4
7.5,0,10,4
10.1781818181818,0,10,4
18.5,1,10,4
18.4736363636364,1,10,4
16.9,1,10,4
15.3,0,10,4
17,1,10,4
16,0,10,4
15.6,0,10,4
17,1,10,4
15.7,0,10,4
16.6,0,10,4
17.2,1,10,4
16.1,0,10,4
17.135,0,10,4
17.8,1,10,4
17.6,1,10,4
16,0,10,4
17.2,1,10,4
17,1,10,4
16.3,0,10,4
17,0,10,4
16.1,0,10,4
17.3,1,10,4
16.8,0,10,4
16.4,0,10,4
16.6,0,10,4
17.4,1,10,4
7.7,0,11,1
10.7,0,11,1
5.8,1,11,1
0.100000000000001,0,11,1
0.100000000000001,0,11,1
0.100000000000001,0,11,1
0.100000000000001,0,11,1
9.3,1,11,1
3.9,0,11,1
0.100000000000001,0,11,1
9.8,1,11,1
6.6,1,11,1
6.5,1,11,1
6.5,1,11,1
5,0,11,1
6.9,1,11,1
6.7,1,11,1
4.7,1,11,1
6.7,1,11,1
3.77407407407407,1,11,1
2.5,0,11,1
6.6,1,11,1
4.3,1,11,1
3.1,0,11,1
4.6,0,11,1
6.6,1,11,1
2.7,0,11,1
5.6,1,11,1
4.1,1,11,1
5.85,1,11,2
3.6,1,11,2
6.92941176470588,1,11,2
2.1,0,11,2
4.6,1,11,2
2.7,0,11,2
5.12090909090909,1,11,2
3.1,0,11,2
4,1,11,2
2.7,0,11,2
3.5,1,11,2
2.9,1,11,2
2.1,0,11,2
2.4,0,11,2
3.3,1,11,2
3.2,0,11,2
3.7,1,11,2
2.8,1,11,2
2.2,0,11,2
2.4,0,11,2
3.4,1,11,2
3.2,0,11,2
3.6,1,11,2
2.8,0,11,2
2.9,0,11,2
2.9,0,11,2
3.5,1,11,2
2.9,0,11,2
3.4,1,11,2
2.9,0,11,2
15.2,0,11,3
21.3,0,11,3
25,0,11,3
26.9267857142857,0,11,3
28.107,0,11,3
28.7,1,11,3
22,0,11,3
26.052,1,11,3
10.1,0,11,3
14.4,0,11,3
18.6,0,11,3
26.8411764705882,0,11,3
27.4482142857143,0,11,3
28.967,1,11,3
27.3,0,11,3
28.9648148148148,0,11,3
26.8,1,11,3
19.1,0,11,3
22.2,0,11,3
24.0150943396226,1,11,3
15.3,0,11,3
18.8,0,11,3
21.2,0,11,3
22.801724137931,0,11,3
24.0163793103448,0,11,3
23.3,0,11,3
24,0,11,3
24.6148148148148,1,11,3
22,0,11,3
22.7,0,11,3
23.3,0,11,3
23.8,1,11,3
21.7,0,11,3
22.3,0,11,3
22.4,0,11,3
22.8,1,11,3
20.9,0,11,3
21.4,0,11,3
12.5,0,11,4
15.5,1,11,4
10.9,0,11,4
14.1,0,11,4
16.5,1,11,4
13.3,0,11,4
14.9,0,11,4
16.3,1,11,4
15.9,1,11,4
14.8,0,11,4
15.3,1,11,4
14.7,1,11,4
13.5,1,11,4
8.27169811320755,0,11,4
9.8,0,11,4
11.4,1,11,4
4.9,0,11,4
4.9,0,11,4
7.259375,0,11,4
18.3,1,11,4
12.5,0,11,4
13.2,0,11,4
13.8,0,11,4
14,0,11,4
14.1,1,11,4
16.6,1,11,4
13.1,1,11,4
17.2964912280702,1,11,4
11.9,0,11,4
12.3,0,11,4
12.7,0,11,4
16.1,1,11,4
13.2,0,11,4
13.5,0,11,4
13.8,0,11,4
14.3,0,11,4
14.3,0,11,4
14.3,0,11,4
14.4,0,11,4
14.4,0,11,4
7.7,1,12,1
4.7,1,12,1
2.9,1,12,1
6.47857142857143,1,12,1
1.7,1,12,1
2.40612244897959,1,12,1
1,1,12,1
1.3,1,12,1
0.600000000000001,0,12,1
1.70625,1,12,1
1.5,1,12,1
0.5,0,12,1
0.300000000000001,0,12,1
0.399999999999999,0,12,1
1,1,12,1
0.399999999999999,0,12,1
1,1,12,1
0.399999999999999,0,12,1
1,0,12,1
1,1,12,1
1,1,12,1
1,1,12,1
0.399999999999999,0,12,1
1,1,12,1
0.399999999999999,1,12,1
0.399999999999999,0,12,1
0.399999999999999,0,12,1
0.399999999999999,0,12,1
0.399999999999999,0,12,1
5.88333333333333,1,12,2
3.6,1,12,2
6.9,1,12,2
2.1,0,12,2
4.6,1,12,2
2.7,1,12,2
1.5,0,12,2
3.3,1,12,2
1.8,1,12,2
5.6,1,12,2
1.2,0,12,2
2.3,1,12,2
1.3,1,12,2
0.199999999999999,0,12,2
2.4,1,12,2
1.7,1,12,2
0.800000000000001,0,12,2
1.9,1,12,2
1.8,1,12,2
1,0,12,2
1.76960784313726,1,12,2
1.7,1,12,2
1.7,1,12,2
1.2,0,12,2
1.2,0,12,2
1.7,1,12,2
1.2,1,12,2
15.1947368421053,0,12,3
21.3,0,12,3
25.0362745098039,1,12,3
0.199999999999999,0,12,3
8.4,0,12,3
19.8,1,12,3
12,0,12,3
17.6,0,12,3
21.2,0,12,3
4.3,0,12,3
27.5669811320755,1,12,3
23.2205882352941,0,12,3
9.6,0,12,3
22.9,1,12,3
29.0076086956522,1,12,3
27.547,1,12,3
19.6,1,12,3
13.6875,0,12,3
25.6323529411765,1,12,3
19.6,0,12,3
25.4067307692308,0,12,3
29.6384615384615,1,12,3
14.578,0,12,3
27.3056603773585,1,12,3
26.3132653061225,1,12,3
17.2,1,12,3
14.0254716981132,0,12,3
15.1,0,12,3
25.4592592592593,0,12,3
28.627358490566,0,12,3
7,0,12,3
9.3,1,12,3
0.155769230769231,0,12,3
2.55,0,12,3
5.6,0,12,3
7.9,0,12,3
12.5,1,12,4
9.5,1,12,4
7.79019607843137,0,12,4
14.2,1,12,4
10.5,0,12,4
20.089,1,12,4
20.05,1,12,4
10.1,0,12,4
16.3,1,12,4
11.1969387755102,0,12,4
10.468,1,12,4
20.0971698113208,1,12,4
5.6,0,12,4
13.2,1,12,4
11,0,12,4
10.9660714285714,1,12,4
14.3,0,12,4
20,1,12,4
5.1,0,12,4
16.3,1,12,4
7.46354166666667,0,12,4
14,0,12,4
17.4,1,12,4
16.4,1,12,4
8.04791666666667,0,12,4
14.9,1,12,4
13.8,0,12,4
8.5,0,12,4
15.8,1,12,4
9.55,0,12,4
15.1,1,12,4
12.5,1,12,4
9.51320754716981,0,12,4
13.7,0,12,4
15.4,1,12,4
10.3675925925926,1,12,4
15.2,1,12,4
7.7,1,13,1
4.7,1,13,1
3,1,13,1
6.5,1,13,1
1.73333333333333,1,13,1
2.5,1,13,1
1,1,13,1
1.3,1,13,1
0.600000000000001,0,13,1
1.7,1,13,1
0.5,0,13,1
0.949999999999999,0,13,1
0.699999999999999,1,13,1
0.300000000000001,0,13,1
0.300000000000001,1,13,1
2.23125,1,13,1
0.100000000000001,0,13,1
0.100000000000001,0,13,1
0.300000000000001,1,13,1
1.6,1,13,1
1.4,1,13,1
0.100000000000001,0,13,1
0.100000000000001,0,13,1
0.600000000000001,1,13,1
0.800000000000001,1,13,1
0.699999999999999,0,13,1
0.100000000000001,0,13,1
0.199999999999999,1,13,1
1.2,1,13,1
8.3566037735849,1,13,2
4.3,0,13,2
7.20089285714286,1,13,2
3.4,1,13,2
0.100000000000001,1,13,2
12,1,13,2
11.9938775510204,1,13,2
11.9916666666667,1,13,2
12,1,13,2
12,1,13,2
12,1,13,2
12,1,13,2
11.9912280701754,1,13,2
12,1,13,2
12,1,13,2
5.1,0,13,2
4.8,0,13,2
4.7,0,13,2
4.8,0,13,2
5.00288461538462,0,13,2
6.60094339622642,1,13,2
4.9,0,13,2
6.5,0,13,2
7.3,1,13,2
5.9,0,13,2
7.02659574468085,1,13,2
6.3,0,13,2
6.9,1,13,2
15.2,0,13,3
21.3,0,13,3
25,1,13,3
19.5,0,13,3
23.2,0,13,3
25.7,1,13,3
23.8,1,13,3
22,0,13,3
23.9,0,13,3
19.4,0,13,3
25.2,1,13,3
23.7,0,13,3
24.5,0,13,3
26,1,13,3
24.3,1,13,3
25.8,0,13,3
16.7,0,13,3
27.9,1,13,3
27.1,0,13,3
13.9,0,13,3
16.8,0,13,3
28.9267857142857,1,13,3
28,1,13,3
27.1,1,13,3
26.2,0,13,3
28.9,1,13,3
28.3,0,13,3
18.5,0,13,3
30,1,13,3
29.4,1,13,3
28.8,0,13,3
14.890350877193,0,13,3
17.2,0,13,3
15.75,0,13,3
17.6,0,13,3
17.1,0,13,3
18.3,0,13,3
12.5,0,13,4
15.5,0,13,4
17.2,0,13,4
13.7,0,13,4
18.4,1,13,4
16.3,0,13,4
17.9,1,13,4
15.8,0,13,4
18.2,1,13,4
17.3,1,13,4
16.8,0,13,4
17.6,0,13,4
18.6,1,13,4
16.8,0,13,4
17.8,1,13,4
17.3,0,13,4
17.9,1,13,4
17.3,0,13,4
17.85,1,13,4
17.3,0,13,4
17.2,0,13,4
17.8,1,13,4
17.3,1,13,4
17.3,0,13,4
17.2,0,13,4
17.2,0,13,4
17.9,1,13,4
17.3,0,13,4
17.9,1,13,4
17.3,0,13,4
17.9,1,13,4
17.3,0,13,4
17.9,1,13,4
17.3,0,13,4
17.8,1,13,4
17.3,0,13,4
17.8,0,13,4
17.8,0,13,4
17.8,1,13,4
17.8,1,13,4
7.7,1,14,1
4.7,1,14,1
2.99245283018868,1,14,1
6.5,1,14,1
1.7,0,14,1
3.9,1,14,1
2.2,1,14,1
1.2,1,14,1
7,1,14,1
4.8,1,14,1
1.25,1,14,1
1.3,1,14,1
0.800000000000001,1,14,1
1.1,1,14,1
0.600000000000001,1,14,1
0.800000000000001,1,14,1
0.399999999999999,0,14,1
0.800000000000001,0,14,1
1.3,1,14,1
1.2,1,14,1
0.199999999999999,0,14,1
0.199999999999999,0,14,1
0.199999999999999,0,14,1
0.5,0,14,1
0.399999999999999,0,14,1
0.399999999999999,0,14,1
0.399999999999999,0,14,1
0.399999999999999,0,14,1
1.1,1,14,1
5.87272727272727,0,14,2
8.30277777777778,1,14,2
4.3,0,14,2
7.2,1,14,2
3.4,0,14,2
7.9311320754717,0,14,2
0.0500000000000007,0,14,2
0.0500000000000007,0,14,2
9.451,0,14,2
0.100000000000001,0,14,2
0.100000000000001,0,14,2
9.78018867924528,1,14,2
10.993,1,14,2
8.75566037735849,0,14,2
4.1,0,14,2
11.4,1,14,2
8.80092592592592,1,14,2
10.7927083333333,1,14,2
7.1,1,14,2
7.02019230769231,0,14,2
10.7972727272727,1,14,2
5.7,0,14,2
9.8,1,14,2
7.5,0,14,2
6.5,0,14,2
9.39811320754717,1,14,2
7.82234042553191,1,14,2
6.34285714285714,0,14,2
8.85,0,14,2
10.0323529411765,1,14,2
15.1981132075472,0,14,3
21.3,1,14,3
17.6,1,14,3
12.1,0,14,3
13.8616071428571,0,14,3
18.3,1,14,3
16.4,1,14,3
15,0,14,3
15.8,0,14,3
16.6,1,14,3
15.7,0,14,3
16.6,1,14,3
15.7,0,14,3
16.6,1,14,3
15.6970588235294,0,14,3
16.5,0,14,3
16.6,1,14,3
16.6,0,14,3
16.6,1,14,3
16.6,1,14,3
16.7,0,14,3
18,1,14,3
16.6,0,14,3
18.2,1,14,3
16.4,1,14,3
14.9660377358491,1,14,3
12.2230769230769,0,14,3
13.4398148148148,1,14,3
6.7,0,14,3
8.7,0,14,3
10.71,0,14,3
12.9935185185185,1,14,3
4.8,0,14,3
24,1,14,3
9.5,0,14,3
11.4147058823529,0,14,3
13,1,14,3
22.7,1,14,3
9.7,0,14,3
10.9,0,14,3
12.5,1,14,4
9.5,0,14,4
14.1,1,14,4
10.9,0,14,4
15,1,14,4
10.3,0,14,4
11.8,0,14,4
13,0,14,4
16.3,1,14,4
15.5,1,14,4
13,1,14,4
11.2,0,14,4
12.6,0,14,4
13.7,0,14,4
16.4,1,14,4
15.4,1,14,4
13.5,0,14,4
15.1,1,14,4
13.4,0,14,4
13.4,0,14,4
13.5,0,14,4
14.3,0,14,4
13.6,1,14,4
15.9,1,14,4
15.4,1,14,4
13.2,0,14,4
13.3,0,14,4
14.4,0,14,4
13.9,0,14,4
14.1,1,14,4
15.2,1,14,4
13.4,0,14,4
13.5,0,14,4
14.7,1,14,4
13.6,0,14,4
14.6,1,14,4
13.7,0,14,4
13.8,0,14,4
14.5,1,14,4
13.8,0,14,4
7.7,1,15,1
4.7,1,15,1
2.95,1,15,1
6.5,1,15,1
1.7,0,15,1
3.9,1,15,1
2.25,1,15,1
1.3,1,15,1
7,1,15,1
4.8,1,15,1
1.24313725490196,0,15,1
0.800000000000001,1,15,1
5.9,1,15,1
3.9,1,15,1
1.6,1,15,1
2.31037735849057,1,15,1
0.600000000000001,1,15,1
1.8,1,15,1
0.899999999999999,1,15,1
1,1,15,1
0.899999999999999,1,15,1
0.800000000000001,1,15,1
0.800000000000001,1,15,1
0.699999999999999,1,15,1
0.699999999999999,1,15,1
0.300000000000001,1,15,1
0.5,1,15,1
0.399999999999999,1,15,1
0.399999999999999,1,15,1
0.5,1,15,1
5.9,0,15,2
8.34230769230769,1,15,2
4.3,0,15,2
7.22685185185185,1,15,2
3.4,0,15,2
7.92980769230769,1,15,2
6.3,1,15,2
5.2,0,15,2
6.84038461538461,0,15,2
8.72115384615385,1,15,2
6.5,0,15,2
8.329,1,15,2
6.6,1,15,2
5.418,0,15,2
7.289,1,15,2
6,0,15,2
6.81274509803921,1,15,2
6.1,1,15,2
5.7,1,15,2
4.9,1,15,2
2.6,1,15,2
12,1,15,2
0.100000000000001,0,15,2
0.100000000000001,0,15,2
1.9,1,15,2
12,1,15,2
12,1,15,2
0.100000000000001,0,15,2
15.2,0,15,3
21.3,0,15,3
25,0,15,3
26.9,0,15,3
28.1177083333333,0,15,3
28.741,1,15,3
22,1,15,3
0.199999999999999,0,15,3
0.0500000000000007,0,15,3
2.8,0,15,3
11.2313725490196,0,15,3
25.1,1,15,3
2.5,0,15,3
8.5,0,15,3
13.8,0,15,3
18.1,0,15,3
23,0,15,3
26.5141509433962,1,15,3
18.8,1,15,3
9.6,0,15,3
12.8990909090909,0,15,3
15.3,0,15,3
14.3,0,15,3
16,0,15,3
17.4,0,15,3
18.6,0,15,3
19.6,0,15,3
19.2,0,15,3
20,0,15,3
20.6,1,15,3
17.5,1,15,3
13.9,0,15,3
14.9,0,15,3
15.8,0,15,3
16.5,0,15,3
17.1,0,15,3
17.3,0,15,3
12.5,0,15,4
15.5,1,15,4
10.9,0,15,4
14.1,0,15,4
16.5,1,15,4
13.3,0,15,4
14.9,1,15,4
12.9,1,15,4
4.9,0,15,4
7.2,0,15,4
17.5,1,15,4
13.6,1,15,4
9.55,0,15,4
10.741,0,15,4
15.4,0,15,4
19.1,1,15,4
17.9,1,15,4
10.983,0,15,4
14.6,0,15,4
17.2,1,15,4
13.9,1,15,4
11.198,0,15,4
16.3,1,15,4
12.3,0,15,4
15,0,15,4
16.6,1,15,4
13,0,15,4
14.5,0,15,4
14.4,0,15,4
14.4,0,15,4
14.4,0,15,4
14.5,0,15,4
14.5,0,15,4
16,1,15,4
14.6,0,15,4
14.7,0,15,4
15.7,0,15,4
16.3,0,15,4
17,1,15,4
16.8,0,15,4
7.7,1,16,1
4.7,1,16,1
2.95,1,16,1
6.5,1,16,1
1.7,0,16,1
3.9,1,16,1
2.25,1,16,1
1.2,0,16,1
2.9,1,16,1
1.4,1,16,1
4.6,1,16,1
0.899999999999999,1,16,1
5.2,1,16,1
3.5,1,16,1
0.699999999999999,0,16,1
0.5,0,16,1
1.3,1,16,1
0.300000000000001,0,16,1
1.71734693877551,1,16,1
0.5,1,16,1
0.100000000000001,0,16,1
0.100000000000001,0,16,1
1.6,1,16,1
1.4,1,16,1
0.300000000000001,0,16,1
1.2,1,16,1
1.2,1,16,1
1,1,16,1
0.300000000000001,0,16,1
1,1,16,1
8.39387755102041,1,16,2
4.3,1,16,2
12,1,16,2
12,1,16,2
4.9,1,16,2
12,1,16,2
2.6,1,16,2
3.2,1,16,2
1.5,0,16,2
3.8,0,16,2
12,1,16,2
12,1,16,2
10.7,1,16,2
6.58272727272727,0,16,2
12,1,16,2
12,1,16,2
0.108333333333335,0,16,2
0.100000000000001,0,16,2
3.1,0,16,2
0.199999999999999,0,16,2
6.2,0,16,2
0.5,0,16,2
6.42641509433962,1,16,2
0.899999999999999,0,16,2
7.52450980392157,1,16,2
2.1,0,16,2
5.7,1,16,2
4.5,1,16,2
4.9,0,16,2
15.2,0,16,3
21.3,0,16,3
25.0028846153846,0,16,3
26.9307692307692,0,16,3
28.16,0,16,3
28.7774509803922,0,16,3
29.3730769230769,0,16,3
27.7,1,16,3
12.6008771929825,0,16,3
17.1,0,16,3
21.7,0,16,3
26,0,16,3
29,0,16,3
29,0,16,3
29.9796296296296,0,16,3
29.7774509803922,0,16,3
29.6,0,16,3
29.7,0,16,3
29.7647058823529,1,16,3
29.238,0,16,3
29.6858490566038,0,16,3
29.6,0,16,3
29.7,0,16,3
29.7,0,16,3
29.7,0,16,3
29.7192307692308,0,16,3
29.8,0,16,3
29.8584905660377,0,16,3
29.8704081632653,0,16,3
29.8,0,16,3
29.8634615384615,0,16,3
29.9637254901961,0,16,3
29.9607843137255,0,16,3
29.9,0,16,3
29.9,0,16,3
29.95,0,16,3
29.9,0,16,3
29.9586538461538,0,16,3
29.951,0,16,3
12.5,0,16,4
15.5,0,16,4
17.2,0,16,4
13.7,0,16,4
18.45,1,16,4
16.3,0,16,4
17.9,1,16,4
15.8,0,16,4
18.25,0,16,4
13.7,0,16,4
18.9,1,16,4
17.6173076923077,0,16,4
18.9460784313726,1,16,4
18.8,1,16,4
17.7989583333333,0,16,4
18,1,16,4
17.4,0,16,4
18.25,0,16,4
18.9,1,16,4
17.6,0,16,4
18.6,1,16,4
17.9,0,16,4
17.95,0,16,4
18.55,1,16,4
17.95,0,16,4
18.5,0,16,4
18.5232142857143,1,16,4
18.55,1,16,4
18.55,1,16,4
17.819387755102,0,16,4
18.5,1,16,4
18.5,0,16,4
18.45,0,16,4
18.35,1,16,4
18.55,1,16,4
18.55,1,16,4
18.6,1,16,4
17.7679245283019,0,16,4
18.6,1,16,4
17.8549019607843,0,16,4
7.7,1,17,1
4.7,1,17,1
2.97181818181818,1,17,1
6.5,1,17,1
2.5,1,17,1
1,0,17,1
3.1,1,17,1
1.2,1,17,1
2.28090909090909,1,17,1
0.699999999999999,0,17,1
0.600000000000001,1,17,1
2.9,1,17,1
0.300000000000001,0,17,1
1.4,1,17,1
0.399999999999999,1,17,1
1.95,1,17,1
0.100000000000001,0,17,1
0.100000000000001,0,17,1
0.899999999999999,1,17,1
0.100000000000001,0,17,1
1.03111111111111,1,17,1
0.600000000000001,1,17,1
0.699999999999999,1,17,1
0.699999999999999,1,17,1
0.699999999999999,1,17,1
0.100000000000001,0,17,1
0.699999999999999,1,17,1
0.100000000000001,0,17,1
0.699999999999999,1,17,1
5.87647058823529,1,17,2
3.6,0,17,2
7.6375,1,17,2
2.9,0,17,2
4.893,1,17,2
6.6,0,17,2
11.95,1,17,2
12,1,17,2
12,1,17,2
5.44807692307692,0,17,2
0.100000000000001,0,17,2
1,0,17,2
8.38365384615385,0,17,2
0.0908163265306135,0,17,2
10.25,1,17,2
8.84803921568627,1,17,2
6.5,1,17,2
2.5,0,17,2
10.6,1,17,2
3.3,0,17,2
8.58137254901961,0,17,2
11.1980769230769,1,17,2
3.7,0,17,2
9.75,1,17,2
5.3,0,17,2
8.05,1,17,2
5.1,0,17,2
8.44591836734694,0,17,2
10.085,1,17,2
15.153125,1,17,3
9,0,17,3
12.7352941176471,1,17,3
7.8,0,17,3
11.4156862745098,0,17,3
16.3,1,17,3
13.5,1,17,3
11.3,1,17,3
10.2,1,17,3
5.5,0,17,3
6.5,0,17,3
10.3,1,17,3
9.6,0,17,3
10.5,0,17,3
16,1,17,3
14.1,1,17,3
8.5,0,17,3
11,1,17,3
10.3,1,17,3
10.4,0,17,3
8.6,0,17,3
11.6141509433962,1,17,3
11.3075471698113,0,17,3
12.5039215686275,1,17,3
8.9,0,17,3
11.8517857142857,1,17,3
9.4,0,17,3
11.4617647058824,1,17,3
11.2,0,17,3
11.9716981132075,0,17,3
12.8,1,17,3
9.3,0,17,3
12.3991525423729,0,17,3
13.2,1,17,3
12.8183673469388,1,17,3
9.4,0,17,3
12.6,1,17,3
9.7,1,17,3
9.1,0,17,3
9.3,0,17,3
12.5,1,17,4
9.5,0,17,4
14.1,1,17,4
10.8769230769231,1,17,4
8.48584905660377,0,17,4
11.7,0,17,4
20.1,1,17,4
18.55,1,17,4
15.5,1,17,4
10.9839285714286,1,17,4
8.35,0,17,4
10.4,0,17,4
11.5981481481481,1,17,4
9.59901960784314,0,17,4
11.3,0,17,4
13.2,0,17,4
18.3,1,17,4
16.4,1,17,4
7.97142857142857,0,17,4
13.5,1,17,4
12.9,1,17,4
12.4,0,17,4
8.9,0,17,4
13.9,1,17,4
13.4,0,17,4
15.1,1,17,4
9.35,0,17,4
14.2,0,17,4
15.8,0,17,4
18.9,1,17,4
17.7,1,17,4
16.8479591836735,1,17,4
8.8,0,17,4
15.6,1,17,4
15.2,1,17,4
9.8,0,17,4
14.7,0,17,4
15.8,1,17,4
9.89545454545455,0,17,4
15.3,1,17,4
7.72596153846154,1,18,1
4.7,1,18,1
3,1,18,1
6.5,1,18,1
1.74038461538462,0,18,1
3.89897959183673,1,18,1
1.24326923076923,1,18,1
6.96346153846154,1,18,1
4.71960784313726,1,18,1
1.2,1,18,1
1.307,0,18,1
4.81,1,18,1
3.12053571428572,1,18,1
0.600000000000001,0,18,1
0.5,0,18,1
1.7,1,18,1
0.5,0,18,1
1.7,1,18,1
0.699999999999999,1,18,1
0.199999999999999,1,18,1
2.7,1,18,1
0.100000000000001,0,18,1
0.100000000000001,0,18,1
0.100000000000001,0,18,1
0.100000000000001,0,18,1
1.5,1,18,1
1.3,1,18,1
1.25,1,18,1
1.2,1,18,1
5.86981132075472,1,18,2
3.6,1,18,2
6.9234693877551,1,18,2
2.1,1,18,2
12,1,18,2
11.85,1,18,2
8.58396226415094,1,18,2
2.2,1,18,2
1.4,1,18,2
2.1,0,18,2
10.1807692307692,1,18,2
7.473,1,18,2
5.3,1,18,2
4,1,18,2
1.1,0,18,2
0.399999999999999,0,18,2
0.5,0,18,2
2.5,1,18,2
1.7,0,18,2
0.699999999999999,0,18,2
2.8,1,18,2
2.6,0,18,2
0.699999999999999,0,18,2
3.4,1,18,2
1.1,0,18,2
3.1,1,18,2
2.9,0,18,2
3.5,0,18,2
15.2,0,18,3
21.3,1,18,3
17.6,0,18,3
22.5,0,18,3
0.199999999999999,0,18,3
8.2,0,18,3
24.4,1,18,3
20.1,1,18,3
9.6,0,18,3
20.7,0,18,3
7.5,0,18,3
26.7,1,18,3
25.6115384615385,1,18,3
19.5,1,18,3
15,1,18,3
2.582,0,18,3
0,0,18,3
0,0,18,3
0,0,18,3
0,0,18,3
0,0,18,3
0,0,18,3
0,0,18,3
0,0,18,3
0,0,18,3
0,0,18,3
1.08061224489796,0,18,3
3.3,0,18,3
3.4,0,18,3
5.1,0,18,3
0.199999999999999,0,18,3
1.9,0,18,3
3.5,0,18,3
4.8,0,18,3
12.5,0,18,4
15.5,1,18,4
10.875,0,18,4
14.1,0,18,4
16.5,1,18,4
13.3,0,18,4
14.9,1,18,4
12.9,0,18,4
14.6,1,18,4
13.9,0,18,4
14.9,0,18,4
16.3,0,18,4
5.1,0,18,4
7.95,0,18,4
17.9,1,18,4
17.2,1,18,4
15.9,0,18,4
18.9,1,18,4
18.2,1,18,4
17.6,1,18,4
15.6,0,18,4
17.7,1,18,4
14,0,18,4
15.9,0,18,4
15.8,0,18,4
15.8,0,18,4
15.8,0,18,4
15.8481132075472,0,18,4
15.9,0,18,4
16.9,1,18,4
15.9,0,18,4
16.6,0,18,4
17,1,18,4
17,1,18,4
16.3,0,18,4
16.3,0,18,4
16.9,0,18,4
16.9,0,18,4
17.4,1,18,4
4.7,1,19,1
2.99818181818182,1,19,1
6.5,1,19,1
1.7,1,19,1
2.45,1,19,1
1.05,1,19,1
1.34255319148936,1,19,1
0.600000000000001,0,19,1
1.7,1,19,1
0.5,0,19,1
0.899999999999999,1,19,1
0.399999999999999,1,19,1
1.63265306122449,1,19,1
0.100000000000001,0,19,1
0.399999999999999,1,19,1
1.15,1,19,1
0.100000000000001,0,19,1
0.699999999999999,1,19,1
0.100000000000001,0,19,1
0.699999999999999,1,19,1
0.100000000000001,0,19,1
0.699999999999999,1,19,1
0.100000000000001,1,19,1
0.100000000000001,0,19,1
0.100000000000001,0,19,1
0.100000000000001,1,19,1
0.100000000000001,1,19,1
0.949999999999999,1,19,1
0.100000000000001,0,19,1
5.9,1,19,2
3.6,1,19,2
6.9,1,19,2
2.1,1,19,2
2.9,1,19,2
1.2,0,19,2
3.782,1,19,2
1.4,0,19,2
2.2,0,19,2
4.4,1,19,2
1.6,0,19,2
2.6,1,19,2
1.8,0,19,2
2.45,1,19,2
1.9,0,19,2
2.5,1,19,2
1.9,0,19,2
2.4,1,19,2
2,0,19,2
2.4,1,19,2
1.9,1,19,2
1.9,1,19,2
1.5,0,19,2
2.2,0,19,2
1.6,1,19,2
1.2,0,19,2
1.25,0,19,2
2.6,1,19,2
1.6,0,19,2
2.5,1,19,2
15.2,1,19,3
9,1,19,3
5.3,0,19,3
10.8,1,19,3
7.1,0,19,3
11.8323529411765,1,19,3
7.8,0,19,3
9.1,1,19,3
8.4,1,19,3
7.6,1,19,3
5.9,0,19,3
6.4,0,19,3
7.8,0,19,3
9.3,1,19,3
7.6,0,19,3
8.5,0,19,3
9.7,0,19,3
14.6,1,19,3
12.9084905660377,1,19,3
11.0122448979592,0,19,3
18.1,1,19,3
16.1,1,19,3
13.7603773584906,0,19,3
23.5,1,19,3
20.7,1,19,3
1.82547169811321,0,19,3
15.1,0,19,3
24.9,1,19,3
21.9,1,19,3
1.2,0,19,3
16.8,1,19,3
3.9,0,19,3
13.4,1,19,3
12.2421568627451,0,19,3
16.3,1,19,3
4.5,0,19,3
14.6,0,19,3
17.6,1,19,3
4.4,0,19,3
16.1,1,19,3
12.5,1,19,4
9.47211538461538,1,19,4
7.72264150943396,0,19,4
14.2,1,19,4
10.4788888888889,1,19,4
8.36730769230769,0,19,4
10.35,0,19,4
20.045,1,19,4
16.9117647058824,1,19,4
14,1,19,4
9.7,0,19,4
7.4,0,19,4
11.2451923076923,0,19,4
15,1,19,4
11.3,1,19,4
7.754,0,19,4
12,1,19,4
9.88235294117647,0,19,4
10.9,1,19,4
9.46634615384616,0,19,4
11.1,0,19,4
12.3,0,19,4
14.3,0,19,4
19.3755102040816,1,19,4
17.5,1,19,4
16.0205882352941,0,19,4
19.9888888888889,1,19,4
20.0980392156863,1,19,4
16.9,1,19,4
15.7,1,19,4
14.7,0,19,4
6.05,0,19,4
17.1,1,19,4
7.3,0,19,4
15.7,1,19,4
15.1,1,19,4
14.5,1,19,4
13.9,0,19,4
8.22941176470588,0,19,4
7.7,1,20,1
4.7,1,20,1
3,1,20,1
6.5,1,20,1
2.49807692307692,1,20,1
1.3,1,20,1
0.600000000000001,1,20,1
0.699999999999999,0,20,1
2.45,1,20,1
1.5,1,20,1
0.399999999999999,0,20,1
0.399999999999999,0,20,1
0.300000000000001,0,20,1
1.01981132075472,1,20,1
0.399999999999999,0,20,1
1.05,1,20,1
0.399999999999999,0,20,1
1.05,1,20,1
0.399999999999999,0,20,1
1.05,1,20,1
0.399999999999999,0,20,1
1,1,20,1
0.399999999999999,0,20,1
1.05,1,20,1
0.399999999999999,0,20,1
1.05,1,20,1
0.399999999999999,0,20,1
1.06037735849057,1,20,1
5.9,0,20,2
8.4,1,20,2
4.33191489361702,0,20,2
7.3,0,20,2
9.37053571428572,1,20,2
5.1,0,20,2
8.68979591836735,1,20,2
7.558,1,20,2
6.65,1,20,2
3.5,0,20,2
4.5,0,20,2
6.87777777777778,1,20,2
6.65,1,20,2
5.66574074074074,0,20,2
6.7,1,20,2
6.11960784313726,0,20,2
6.85,1,20,2
6.013,1,20,2
5.55,0,20,2
6.5,1,20,2
5.704,0,20,2
6.4,0,20,2
6.8622641509434,0,20,2
7.55,1,20,2
7.13240740740741,0,20,2
8.55,0,20,2
12,1,20,2
11,1,20,2
3.39313725490196,0,20,2
8.88846153846154,0,20,2
15.2,0,20,3
21.3,0,20,3
25.0039215686275,1,20,3
19.5,1,20,3
0.199999999999999,0,20,3
8.4,0,20,3
19.8,0,20,3
9.5,0,20,3
23.1,1,20,3
20.7,1,20,3
11.4240384615385,0,20,3
17.1,0,20,3
24.2,1,20,3
18.7823529411765,0,20,3
21.8725490196078,0,20,3
25.3,0,20,3
8.4,0,20,3
29.3,1,20,3
28,1,20,3
26.7072727272727,1,20,3
25.1,1,20,3
21.7,0,20,3
21.5,0,20,3
23.8,0,20,3
27.5048076923077,0,20,3
7.4,0,20,3
10.6,0,20,3
8.8,0,20,3
11.4,0,20,3
13.2450980392157,0,20,3
12.967,0,20,3
14.2075471698113,0,20,3
15.2367346938775,0,20,3
15.3980392156863,1,20,3
11.1,0,20,3
12.53828125,0,20,3
12.5,0,20,4
15.5,0,20,4
17.2,1,20,4
10.8,0,20,4
14.5,0,20,4
16.6,0,20,4
17.9,1,20,4
15.9,0,20,4
17.6,1,20,4
16.7,0,20,4
17.6,1,20,4
16.7,0,20,4
17.2,1,20,4
17.2,1,20,4
16.6,1,20,4
16.2,0,20,4
16.7,1,20,4
16.1,0,20,4
16.9,1,20,4
16.2,1,20,4
15.8,0,20,4
16.1,0,20,4
16.2,0,20,4
17,1,20,4
16.3,0,20,4
17,1,20,4
16.3,0,20,4
16.9,1,20,4
16.3,0,20,4
16.9,1,20,4
16.3,1,20,4
16.3,0,20,4
16.3,0,20,4
16.3,0,20,4
16.3,0,20,4
17,1,20,4
16.3,0,20,4
16.3,0,20,4
16.9,0,20,4
17,1,20,4
7.7,1,21,1
4.7,1,21,1
3,1,21,1
6.5,1,21,1
1.7,1,21,1
2.48055555555556,1,21,1
1,1,21,1
1.3,1,21,1
0.600000000000001,1,21,1
0.699999999999999,1,21,1
0.699999999999999,1,21,1
0.399999999999999,1,21,1
0.399999999999999,1,21,1
0.399999999999999,1,21,1
0.399999999999999,1,21,1
0.399999999999999,1,21,1
0.399999999999999,1,21,1
0.399999999999999,1,21,1
0.399999999999999,1,21,1
0.399999999999999,1,21,1
0.399999999999999,1,21,1
0.399999999999999,1,21,1
0.399999999999999,1,21,1
0.399999999999999,1,21,1
0.399999999999999,1,21,1
0.399999999999999,1,21,1
8.31938775510204,1,21,2
7.20531914893617,1,21,2
3.4,1,21,2
12,1,21,2
11.9872549019608,1,21,2
12,1,21,2
4.8,0,21,2
4.9,1,21,2
12,1,21,2
1,0,21,2
5.8,1,21,2
2.3,0,21,2
7.5,1,21,2
6.4,1,21,2
5.4,0,21,2
6.6,1,21,2
5.3,1,21,2
4.3,1,21,2
3,0,21,2
6.8,1,21,2
4,1,21,2
2.9,1,21,2
15.2,0,21,3
21.3,1,21,3
17.6,0,21,3
18.9,1,21,3
14.0588235294118,0,21,3
9.5,0,21,3
11.1,0,21,3
12.8,0,21,3
16.4,1,21,3
15.8,0,21,3
16.6,0,21,3
14.7,0,21,3
17.5,1,21,3
16.4,0,21,3
17.5,1,21,3
16.3,0,21,3
16.2,0,21,3
17.3,0,21,3
18,1,21,3
17.4,0,21,3
18.6,0,21,3
20.5,1,21,3
19.6,0,21,3
23.2,1,21,3
21.9,0,21,3
28.2,1,21,3
26.2,1,21,3
24.2,0,21,3
2.25,0,21,3
0.0333333333333338,0,21,3
0,0,21,3
0,0,21,3
0,0,21,3
12.5,0,21,4
17.2,1,21,4
10.8,0,21,4
14.5,0,21,4
16.6,1,21,4
14.6,0,21,4
16.1,1,21,4
15.1,0,21,4
16.4,0,21,4
17.8,1,21,4
17.6183673469388,1,21,4
16.9,1,21,4
16,1,21,4
15.2,0,21,4
16.4,1,21,4
15.7,0,21,4
16.3,0,21,4
16.8,1,21,4
15.7,0,21,4
16.2,0,21,4
16.8,0,21,4
17.3,1,21,4
17,0,21,4
17.803,1,21,4
17.5,1,21,4
17.3229166666667,1,21,4
15.7,0,21,4
17,0,21,4
17.6816326530612,1,21,4
15.8,0,21,4
17.2,1,21,4
16,0,21,4
16.1,0,21,4
17,0,21,4
17.4,0,21,4
17.7,0,21,4
18.4586538461538,1,21,4
18.4438775510204,1,21,4
7.7,1,22,1
4.7,1,22,1
2.992,1,22,1
6.5,1,22,1
1.732,1,22,1
2.4688679245283,1,22,1
1,1,22,1
1.332,1,22,1
0.600000000000001,1,22,1
0.699999999999999,0,22,1
2.451,1,22,1
1.5,1,22,1
0.399999999999999,0,22,1
1.4,1,22,1
1.15,1,22,1
0.100000000000001,0,22,1
0.100000000000001,0,22,1
0.600000000000001,1,22,1
0.699999999999999,1,22,1
0.100000000000001,0,22,1
0.699999999999999,1,22,1
0.100000000000001,0,22,1
0.699999999999999,1,22,1
0.100000000000001,1,22,1
0.100000000000001,0,22,1
0.100000000000001,0,22,1
0.100000000000001,0,22,1
0.699999999999999,1,22,1
0.100000000000001,0,22,1
5.9,1,22,2
3.6,0,22,2
7.6,1,22,2
2.9,0,22,2
4.9,1,22,2
6.6,1,22,2
4.2,1,22,2
2.8,0,22,2
4.5,1,22,2
3.5,1,22,2
2.4,0,22,2
2.8,0,22,2
3.9,1,22,2
3.4,1,22,2
2.7,0,22,2
3.6,0,22,2
4.1,1,22,2
3.1,1,22,2
2.4,0,22,2
2.6,0,22,2
3.8,0,22,2
4.4,1,22,2
4.2,1,22,2
3.1,1,22,2
2.5,0,22,2
4,1,22,2
3.2,1,22,2
2.5,0,22,2
3.4,0,22,2
4,1,22,2
15.2,0,22,3
21.3,0,22,3
25,1,22,3
19.5,0,22,3
23.2,1,22,3
18.5,0,22,3
22.5,1,22,3
21.2,0,22,3
21.9,1,22,3
20.6,1,22,3
13.6676470588235,0,22,3
15.8,0,22,3
24.004,1,22,3
20.7,0,22,3
21.2,1,22,3
19.1,0,22,3
22.6,1,22,3
20.484,1,22,3
18.4423076923077,1,22,3
12.506862745098,0,22,3
14.6,1,22,3
2.9,0,22,3
6.4,0,22,3
9.7,0,22,3
13.0039215686275,0,22,3
15.8,1,22,3
6.7,0,22,3
28.3,1,22,3
11.8147058823529,0,22,3
25.6,1,22,3
15.39,1,22,3
10.3,0,22,3
26.15,1,22,3
12.862,0,22,3
13.8592592592593,0,22,3
14.8977272727273,0,22,3
23.758,1,22,3
16.4,0,22,3
17.6,0,22,3
18,0,22,3
15.6175925925926,1,22,4
10.8979591836735,0,22,4
14.1,1,22,4
10,0,22,4
14.7,1,22,4
13.2,0,22,4
15,1,22,4
13.4,0,22,4
13.8,0,22,4
14.6,0,22,4
16.4,1,22,4
15.9,1,22,4
14.2,0,22,4
15.5,1,22,4
14.2,0,22,4
15.1,0,22,4
16.3,0,22,4
8.35,0,22,4
18.4755102040816,1,22,4
17.4,1,22,4
16.6,1,22,4
16,1,22,4
15.7,0,22,4
17.4,1,22,4
13.1,1,22,4
10.4627450980392,1,22,4
4.9,0,22,4
5.4,0,22,4
7.6,0,22,4
9.66632653061225,0,22,4
10.99,1,22,4
5.1,0,22,4
20.3594339622641,1,22,4
8.65283018867925,1,22,4
4.9,0,22,4
4.9,0,22,4
20.1,1,22,4
7.5,0,22,4
19.6,1,22,4
4.7,1,23,1
3,1,23,1
6.5,1,23,1
1.7734693877551,1,23,1
2.5,1,23,1
1,1,23,1
1.3,1,23,1
0.600000000000001,1,23,1
0.699999999999999,0,23,1
2.5,1,23,1
1.5,1,23,1
0.399999999999999,0,23,1
0.399999999999999,0,23,1
0.300000000000001,1,23,1
1.6,1,23,1
1.3,1,23,1
0.100000000000001,0,23,1
0.5,1,23,1
0.100000000000001,0,23,1
0.699999999999999,1,23,1
0.800000000000001,1,23,1
0.100000000000001,0,23,1
0.699999999999999,1,23,1
0.100000000000001,0,23,1
0.699999999999999,1,23,1
0.699999999999999,1,23,1
0.100000000000001,0,23,1
0.699999999999999,1,23,1
0.100000000000001,0,23,1
5.9,0,23,2
8.4,1,23,2
4.3,0,23,2
7.225,1,23,2
3.4,0,23,2
7.95566037735849,1,23,2
6.32264150943396,0,23,2
7.75181818181818,1,23,2
6.63269230769231,1,23,2
5.60454545454546,0,23,2
6.80208333333333,1,23,2
6.01458333333333,0,23,2
6.53461538461539,1,23,2
6.05,0,23,2
6.5,1,23,2
6.01779661016949,0,23,2
6.55,0,23,2
6.52222222222222,1,23,2
6.64821428571429,1,23,2
6.601,1,23,2
6.04313725490196,0,23,2
6.50294117647059,1,23,2
6.641,0,23,2
6.52264150943396,1,23,2
6.61428571428572,1,23,2
6,1,23,2
5.91634615384615,0,23,2
5.91176470588235,1,23,2
5.6,0,23,2
5.8,0,23,2
15.2,0,23,3
21.3,0,23,3
25.04375,0,23,3
26.9509803921569,1,23,3
19.6,0,23,3
24.3,0,23,3
26.245652173913,0,23,3
27.661,1,23,3
26.1564814814815,0,23,3
27,1,23,3
27,1,23,3
26.0240384615385,0,23,3
27.0557692307692,0,23,3
27.9,1,23,3
26.9415094339623,0,23,3
28.2605769230769,1,23,3
26.8,0,23,3
26.6415094339623,0,23,3
27.9,1,23,3
26.6,0,23,3
26.6404255319149,0,23,3
27.7336538461538,1,23,3
26.7,0,23,3
27.6,0,23,3
27.8,1,23,3
27.7413461538461,0,23,3
27.9179245283019,0,23,3
28.7,0,23,3
16.6,0,23,3
19.8,0,23,3
22.3,0,23,3
21.1,0,23,3
22.6,0,23,3
23.5,1,23,3
18.9,0,23,3
21,0,23,3
22.2,0,23,3
23,0,23,3
12.5,0,23,4
15.5,0,23,4
17.2,1,23,4
10.8,0,23,4
14.5,0,23,4
16.6,0,23,4
17.95,1,23,4
15.9,0,23,4
17.65,1,23,4
16.7,0,23,4
17.6,0,23,4
18.7,1,23,4
18.4,1,23,4
16.35,0,23,4
17.3,1,23,4
17.2,1,23,4
17.2,1,23,4
16.6,1,23,4
16,0,23,4
16.2,0,23,4
17,0,23,4
17.55,0,23,4
18.5,1,23,4
18.1,1,23,4
16.2,0,23,4
17.7,0,23,4
18.4,1,23,4
18.25,0,23,4
19.15,1,23,4
18.8,1,23,4
16,0,23,4
18.3,0,23,4
19.15,1,23,4
18.8,1,23,4
16.1,0,23,4
18.45,0,23,4
19.2,1,23,4
18.9,1,23,4
16.2,0,23,4
18.7,1,23,4
7.7,1,24,1
4.7,1,24,1
2.91458333333333,1,24,1
6.5,1,24,1
1.7,1,24,1
2.4,1,24,1
1,1,24,1
1.35,1,24,1
0.600000000000001,1,24,1
0.699999999999999,1,24,1
0.699999999999999,1,24,1
0.399999999999999,0,24,1
0.899999999999999,1,24,1
0.199999999999999,0,24,1
0.100000000000001,0,24,1
0.699999999999999,1,24,1
0.100000000000001,0,24,1
0.699999999999999,1,24,1
0.100000000000001,0,24,1
0.699999999999999,1,24,1
0.100000000000001,0,24,1
0.699999999999999,1,24,1
0.100000000000001,1,24,1
0.100000000000001,1,24,1
0.199999999999999,1,24,1
0.300000000000001,0,24,1
0.100000000000001,0,24,1
0.100000000000001,0,24,1
0.100000000000001,0,24,1
0.100000000000001,0,24,1
5.9,0,24,2
8.34351851851852,0,24,2
5,1,24,2
0.0500000000000007,0,24,2
0.0500000000000007,0,24,2
0.0500000000000007,0,24,2
0.100000000000001,0,24,2
7.8,1,24,2
0.100000000000001,0,24,2
3.7,0,24,2
9.35,1,24,2
6.95,1,24,2
10.05,1,24,2
5.54673913043478,1,24,2
5.55,1,24,2
5.5,1,24,2
3.4,1,24,2
2.6,1,24,2
2.7,1,24,2
2.8,1,24,2
1.7,0,24,2
3.2,0,24,2
10.7858490566038,1,24,2
7.8,0,24,2
12,1,24,2
12,1,24,2
12.0166666666667,1,24,2
10.3877777777778,1,24,2
7.35,1,24,2
5.14666666666667,1,24,2
15.2,0,24,3
21.3011111111111,1,24,3
17.6,1,24,3
12.1,0,24,3
13.8867346938776,0,24,3
18.3,0,24,3
6.1,0,24,3
22.5,1,24,3
18.9,1,24,3
17,0,24,3
20.2,0,24,3
6.2,0,24,3
25.2,1,24,3
23.9,1,24,3
19.8,0,24,3
24.4,0,24,3
3.9,0,24,3
30,1,24,3
27.9322222222222,1,24,3
25.9340425531915,0,24,3
5.9,0,24,3
0.199999999999999,0,24,3
3.2,0,24,3
6.7,0,24,3
4.1,0,24,3
7,0,24,3
9.2,0,24,3
8.8,0,24,3
10.4,0,24,3
11.7552083333333,0,24,3
11.8011111111111,0,24,3
12.8959183673469,0,24,3
13.6553191489362,1,24,3
9.91428571428571,0,24,3
11,0,24,3
11.873,0,24,3
12.5,0,24,4
15.5,1,24,4
10.9,0,24,4
14.1,0,24,4
16.5,1,24,4
13.3,1,24,4
5,0,24,4
6.4,0,24,4
9.47333333333333,0,24,4
14,0,24,4
16.6,1,24,4
14.6,0,24,4
16.2,0,24,4
8.1,1,24,4
4.9,1,24,4
4.9,0,24,4
4.9,0,24,4
4.9,0,24,4
4.9,0,24,4
4.9,0,24,4
4.9,0,24,4
4.9,0,24,4
20.1,1,24,4
20.130612244898,1,24,4
19.269387755102,1,24,4
12.8,0,24,4
13.5255555555556,1,24,4
20.071,1,24,4
11.1,0,24,4
11.5,0,24,4
18.341,1,24,4
12.3,0,24,4
14.2,0,24,4
14.3,0,24,4
15.7,0,24,4
14.8,0,24,4
17.35,1,24,4
15.1,0,24,4
15.5,0,24,4
15.8,0,24,4
7.7,1,25,1
4.7,1,25,1
2.9875,1,25,1
6.5,1,25,1
1.76413043478261,0,25,1
3.9,1,25,1
2.2,1,25,1
1.22549019607843,1,25,1
7,1,25,1
4.8,1,25,1
1.2,0,25,1
0.800000000000001,1,25,1
5.9,1,25,1
3.9,1,25,1
1.60980392156863,0,25,1
4,1,25,1
0.5,0,25,1
0.800000000000001,0,25,1
1.4,1,25,1
0.199999999999999,0,25,1
0.300000000000001,0,25,1
2.2734693877551,1,25,1
0.600000000000001,0,25,1
2.07340425531915,1,25,1
0.800000000000001,0,25,1
1.8,1,25,1
1.24772727272727,1,25,1
0.5,0,25,1
1.8,1,25,1
1.65,1,25,1
5.85,1,25,2
3.6,0,25,2
7.63909090909091,1,25,2
2.9,0,25,2
4.94239130434783,1,25,2
6.6,1,25,2
4.2,1,25,2
2.8,0,25,2
4.5,1,25,2
3.5,0,25,2
4,1,25,2
3.3,1,25,2
2.3,1,25,2
10.936170212766,1,25,2
8.9,1,25,2
1.3,0,25,2
1.7,0,25,2
2.35,0,25,2
3,1,25,2
1.7,0,25,2
4.6,1,25,2
2.4,0,25,2
2.7,1,25,2
1.7,0,25,2
4.3,1,25,2
2.2,0,25,2
3.9,0,25,2
4.6,0,25,2
5.6,1,25,2
15.2,0,25,3
21.3,1,25,3
17.6,1,25,3
12.1693181818182,0,25,3
13.8829268292683,0,25,3
18.3,1,25,3
16.4,0,25,3
17,0,25,3
19,1,25,3
17.8,1,25,3
16.9,0,25,3
16.9,1,25,3
15.2,0,25,3
17,0,25,3
18.3,1,25,3
16.9,0,25,3
16.8,0,25,3
17.8,0,25,3
18.5,0,25,3
20.8,0,25,3
2.8,0,25,3
25.8,1,25,3
24.1,1,25,3
22.4,1,25,3
20.5,1,25,3
19.6,1,25,3
19.2,0,25,3
22.1,1,25,3
21,1,25,3
20.1,0,25,3
23,1,25,3
22.1,1,25,3
21.4,0,25,3
24.2,0,25,3
7.6,0,25,3
27.725,1,25,3
26.1517543859649,0,25,3
3.85,0,25,3
0.100000000000001,0,25,3
12.5,1,25,4
9.5,0,25,4
14.2934782608696,1,25,4
11.0457446808511,1,25,4
8.40816326530612,1,25,4
20.072,1,25,4
17.707,1,25,4
7.7,1,25,4
14.3581395348837,1,25,4
6.7,0,25,4
8.5,1,25,4
8.48369565217391,1,25,4
6.3,0,25,4
8.078125,1,25,4
6.9,0,25,4
6.6,0,25,4
7.56326530612245,1,25,4
7.25,0,25,4
7.84302325581396,0,25,4
8.50729166666667,1,25,4
8.3,1,25,4
6.65777777777778,0,25,4
7.5,0,25,4
8.20326086956522,1,25,4
7.3,0,25,4
8.02551020408163,0,25,4
8.4,1,25,4
8.347,1,25,4
7.3,1,25,4
6.8,0,25,4
8.32340425531915,0,25,4
8.75,0,25,4
9.96041666666667,1,25,4
9.60340909090909,1,25,4
6.31224489795918,0,25,4
8.93775510204082,1,25,4
8.89666666666667,0,25,4
6.1,0,25,4
9.44130434782609,1,25,4
9.25,0,25,4
4.7,1,26,1
2.98727272727273,0,26,1
9.3,0,26,1
15.2,1,26,1
15.1656862745098,0,26,1
0.199999999999999,0,26,1
0.199999999999999,0,26,1
0.199999999999999,0,26,1
0.100000000000001,0,26,1
0.100000000000001,0,26,1
5.7,0,26,1
0.199999999999999,0,26,1
0.100000000000001,0,26,1
10.7,1,26,1
8.9,0,26,1
0.199999999999999,0,26,1
12.7635416666667,1,26,1
12.7,1,26,1
12,1,26,1
8.8,1,26,1
11.7343137254902,1,26,1
7.3,0,26,1
11.9829545454545,1,26,1
8,0,26,1
11.6,1,26,1
7.6,0,26,1
8.2,0,26,1
9.8,1,26,1
7.7,0,26,1
5.9,0,26,2
8.30212765957446,1,26,2
4.3,0,26,2
7.2,1,26,2
3.4,0,26,2
7.91372549019608,1,26,2
6.3,1,26,2
5.2,0,26,2
6.80000000000001,1,26,2
5.5,0,26,2
6.31041666666667,1,26,2
5.6,0,26,2
6.2,0,26,2
6.71744186046512,1,26,2
5.92222222222222,0,26,2
6.3,0,26,2
6.7,0,26,2
7.35,0,26,2
9.25,1,26,2
8.6,0,26,2
0.100000000000001,0,26,2
11.6,1,26,2
10.35,0,26,2
0.100000000000001,0,26,2
0.100000000000001,0,26,2
11.9673913043478,1,26,2
11.5,1,26,2
10.199,0,26,2
0.100000000000001,0,26,2
11.9315217391304,1,26,2
15.2,0,26,3
21.3,0,26,3
25,1,26,3
19.5,1,26,3
0.199999999999999,0,26,3
8.4,0,26,3
19.8,0,26,3
9.5,0,26,3
23.1244897959184,1,26,3
20.7,1,26,3
11.4042553191489,0,26,3
17.1,0,26,3
24.2,1,26,3
18.8,0,26,3
21.9,1,26,3
20.7,0,26,3
23.5,0,26,3
27.7040816326531,1,26,3
26.5415094339623,1,26,3
25.4074468085106,0,26,3
11.6666666666667,0,26,3
28.8021276595745,1,26,3
27.6009090909091,1,26,3
26.4,0,26,3
4.3,0,26,3
7.9,0,26,3
10.723,0,26,3
7.7,0,26,3
10.2,0,26,3
9.2,0,26,3
11.1,0,26,3
12.5316326530612,0,26,3
12.5,0,26,3
13.5,1,26,3
8.7,0,26,3
10.3,0,26,3
12.5,0,26,4
15.5,1,26,4
10.8891304347826,0,26,4
14.1,0,26,4
16.5,1,26,4
13.3,0,26,4
14.9,0,26,4
16.3,1,26,4
15.9,1,26,4
14.8,0,26,4
15.3,0,26,4
16,1,26,4
15.1,0,26,4
15.7,0,26,4
16.3,0,26,4
17.6,1,26,4
17.2,1,26,4
16.7,0,26,4
18.85,1,26,4
18.15,1,26,4
17.5,1,26,4
14.6,0,26,4
16.5,0,26,4
17.7387755102041,0,26,4
19.8,1,26,4
18.9,1,26,4
18.3,0,26,4
11.3808510638298,0,26,4
19.95,1,26,4
19.2,1,26,4
18.7446808510638,1,26,4
18.2,1,26,4
14.6,0,26,4
17.6,0,26,4
18.75,1,26,4
14.6,0,26,4
18.2,1,26,4
17.9,1,26,4
15,0,26,4
17.65,0,26,4
7.7,1,27,1
4.7,1,27,1
2.945,1,27,1
1.7,0,27,1
3.9,1,27,1
2.25,1,27,1
1.2,1,27,1
7,1,27,1
4.78823529411765,1,27,1
1.3,0,27,1
0.800000000000001,1,27,1
5.9,1,27,1
3.9,1,27,1
1.6,1,27,1
2.39285714285714,1,27,1
0.600000000000001,1,27,1
1.8,1,27,1
0.899999999999999,1,27,1
1,1,27,1
0.899999999999999,1,27,1
0.800000000000001,1,27,1
0.800000000000001,1,27,1
0.699999999999999,1,27,1
0.699999999999999,1,27,1
0.300000000000001,0,27,1
0.100000000000001,0,27,1
0.100000000000001,0,27,1
0.100000000000001,0,27,1
0.100000000000001,0,27,1
5.9,1,27,2
3.6,1,27,2
6.9,1,27,2
4.6,1,27,2
2.7,1,27,2
1.45,1,27,2
8.09591836734694,1,27,2
6.2,1,27,2
1.4,1,27,2
0.800000000000001,1,27,2
1.75,1,27,2
0.100000000000001,0,27,2
1.60697674418605,1,27,2
1.55,1,27,2
1.39807692307692,1,27,2
1.3,1,27,2
1.05,1,27,2
1,1,27,2
0.0500000000000007,0,27,2
0,0,27,2
15.2,0,27,3
21.3,0,27,3
25,1,27,3
19.5,0,27,3
23.2,0,27,3
25.7163043478261,0,27,3
14.1,0,27,3
26.9329787234043,1,27,3
17.8,0,27,3
25.1,1,27,3
24.407,0,27,3
27.6,0,27,3
11.6030612244898,0,27,3
15.4,0,27,3
29.2,1,27,3
28.1071428571429,1,27,3
27.05,1,27,3
26.2041666666667,1,27,3
23.7,0,27,3
25.6194444444444,0,27,3
27.9,0,27,3
14.1,0,27,3
17.3,0,27,3
19.4,0,27,3
18.263829787234,0,27,3
19.8,0,27,3
20.8,0,27,3
20.6,0,27,3
21.3,1,27,3
18.2,0,27,3
19.3,0,27,3
20.1,0,27,3
20.7,0,27,3
21.2,0,27,3
21.3,0,27,3
21.7,0,27,3
12.5,0,27,4
15.5,1,27,4
10.8855555555556,0,27,4
14.1,1,27,4
10,0,27,4
14.7,1,27,4
13.2,1,27,4
12,0,27,4
13.3,1,27,4
12.3,0,27,4
12.8,0,27,4
13.4,0,27,4
14.5,1,27,4
13.8,1,27,4
12.8,0,27,4
13.6,1,27,4
12.9955555555556,0,27,4
13.6,0,27,4
14,1,27,4
13.7,1,27,4
12.9,1,27,4
12.4,1,27,4
10.8,0,27,4
11.5,0,27,4
12,1,27,4
9.84803921568627,0,27,4
10.8,0,27,4
11.5,0,27,4
14.3,1,27,4
12.189,0,27,4
12.4,0,27,4
12.5,0,27,4
12.6,0,27,4
12.6,0,27,4
13.6989795918367,1,27,4
12.7,1,27,4
13.7,1,27,4
12.5,1,27,4
12.2,0,27,4
13.7,0,27,4
7.7,1,28,1
4.7,1,28,1
3,1,28,1
6.5,1,28,1
1.7,1,28,1
2.45,1,28,1
1.01063829787234,1,28,1
1.4,1,28,1
0.600000000000001,0,28,1
1.75,1,28,1
0.5,0,28,1
0.949999999999999,1,28,1
0.399999999999999,1,28,1
1.65,1,28,1
0.100000000000001,0,28,1
0.399999999999999,0,28,1
0.399999999999999,0,28,1
0.399999999999999,1,28,1
1.3,1,28,1
0.100000000000001,0,28,1
0.600000000000001,0,28,1
0.399999999999999,1,28,1
1.3,1,28,1
0.100000000000001,1,28,1
1.47040816326531,1,28,1
1.3,1,28,1
0.100000000000001,0,28,1
0.100000000000001,0,28,1
0.800000000000001,1,28,1
0.699999999999999,1,28,1
5.9,0,28,2
8.38823529411765,1,28,2
4.3,0,28,2
7.23170731707317,1,28,2
3.4,1,28,2
12,1,28,2
12,1,28,2
12,1,28,2
5,0,28,2
4.8,1,28,2
12,1,28,2
12,1,28,2
1.2,1,28,2
12,1,28,2
12,1,28,2
12,1,28,2
1.6,1,28,2
12,1,28,2
10.1,1,28,2
1.8,0,28,2
0.100000000000001,0,28,2
1.7,0,28,2
0.5,0,28,2
3.2,0,28,2
4.2,0,28,2
4.6,1,28,2
1,0,28,2
1.67666666666667,0,28,2
2.4,0,28,2
15.1866666666667,0,28,3
21.3,0,28,3
25.0244680851064,1,28,3
19.5,0,28,3
23.2,1,28,3
18.5,0,28,3
22.5,0,28,3
23.9071428571429,0,28,3
14.5,0,28,3
26.2254901960784,1,28,3
24.4204081632653,0,28,3
27.1336734693878,0,28,3
9.80000000000001,0,28,3
13.5,0,28,3
28.7540816326531,1,28,3
27.5622222222222,1,28,3
26.7,1,28,3
25.8163265306123,0,28,3
29.6552083333333,1,28,3
28.8,1,28,3
23.1011111111111,0,28,3
25.2308510638298,0,28,3
28.113,1,28,3
24.4,0,28,3
25,1,28,3
27.7,0,28,3
29.7586538461538,1,28,3
29.2,1,28,3
22.9,0,28,3
28.3,0,28,3
30,0,28,3
19.7,0,28,3
18.3,0,28,3
19.7,0,28,3
19.1,0,28,3
20.1,0,28,3
20,0,28,3
12.5,1,28,4
9.5,0,28,4
4.9,0,28,4
4.9,0,28,4
15.3,1,28,4
12.9,1,28,4
19.6054347826087,1,28,4
11.1,1,28,4
8.54019607843137,0,28,4
11.6,0,28,4
20.2010869565217,1,28,4
17.1,1,28,4
13.1,1,28,4
10.6,0,28,4
13,1,28,4
11.5,0,28,4
13.1,0,28,4
16.8,1,28,4
9,0,28,4
14.5,1,28,4
10.3,0,28,4
13.2,0,28,4
15.2,1,28,4
14.7,0,28,4
16.6,1,28,4
9.8,0,28,4
15.6,0,28,4
17.65,1,28,4
16.9,1,28,4
10,0,28,4
16,1,28,4
10.7,0,28,4
15.3,0,28,4
16.6,1,28,4
10.8,0,28,4
16.1,0,28,4
17.25,1,28,4
16.9,1,28,4
11,0,28,4
7.7,1,29,1
4.7,1,29,1
2.95,1,29,1
6.5,1,29,1
1.8,1,29,1
2.5,1,29,1
1,1,29,1
1.3,1,29,1
0.600000000000001,1,29,1
0.699999999999999,1,29,1
0.699999999999999,1,29,1
0.399999999999999,1,29,1
0.399999999999999,1,29,1
0.399999999999999,1,29,1
0.399999999999999,1,29,1
0.399999999999999,1,29,1
0.399999999999999,1,29,1
0.399999999999999,1,29,1
0.399999999999999,1,29,1
0.399999999999999,1,29,1
0.399999999999999,1,29,1
0.399999999999999,1,29,1
0.399999999999999,1,29,1
0.399999999999999,1,29,1
0.399999999999999,1,29,1
0.399999999999999,1,29,1
0.399999999999999,1,29,1
0.399999999999999,1,29,1
0.399999999999999,1,29,1
0.399999999999999,1,29,1
8.4,1,29,2
7.278125,1,29,2
7.958,1,29,2
6.31764705882353,1,29,2
5.25,1,29,2
11,1,29,2
3,1,29,2
12,1,29,2
12,1,29,2
1.4,1,29,2
12,1,29,2
12,1,29,2
11.5,1,29,2
1.7,1,29,2
10.4,1,29,2
8.5,1,29,2
1.85,0,29,2
0.100000000000001,0,29,2
0.100000000000001,0,29,2
1.9,0,29,2
0.600000000000001,0,29,2
3.7,1,29,2
0.199999999999999,1,29,2
0.100000000000001,0,29,2
0.100000000000001,0,29,2
0.100000000000001,0,29,2
0.100000000000001,0,29,2
15.2,0,29,3
21.3,0,29,3
25,1,29,3
19.5,0,29,3
23.22,1,29,3
18.5,0,29,3
22.5235849056604,0,29,3
23.9,1,29,3
22.4,0,29,3
23.3339622641509,1,29,3
22.3203703703704,1,29,3
19,0,29,3
21.1,1,29,3
14.2,0,29,3
16.2,1,29,3
0.199999999999999,0,29,3
3.4,0,29,3
8.5,1,29,3
0.15,0,29,3
0.0500000000000007,0,29,3
0,0,29,3
0,0,29,3
0,0,29,3
0,0,29,3
0,0,29,3
3.5,1,29,3
0,0,29,3
0,0,29,3
0,0,29,3
0,0,29,3
0,0,29,3
0,0,29,3
2.65,1,29,3
0,0,29,3
0,0,29,3
0,0,29,3
0,0,29,3
12.5,1,29,4
9.49519230769231,0,29,4
14.1,1,29,4
10.9,0,29,4
15,1,29,4
10.2885964912281,0,29,4
11.8,0,29,4
13,1,29,4
11.7,0,29,4
12.7,0,29,4
14.4,1,29,4
13.4,0,29,4
16.4,1,29,4
15.5404255319149,1,29,4
13.4,1,29,4
11.5,0,29,4
13,0,29,4
14.2,0,29,4
16.65,1,29,4
15.7,1,29,4
11.5,0,29,4
14,0,29,4
15.6,1,29,4
15.1,1,29,4
12.5,0,29,4
13.7,0,29,4
13.5,0,29,4
13.5,0,29,4
13.6,0,29,4
13.6,0,29,4
13.7,0,29,4
14.7,0,29,4
15.3,1,29,4
13.7,0,29,4
15,0,29,4
15.6,1,29,4
15.55,0,29,4
16.2,1,29,4
16.8,1,29,4
7.7,1,30,1
4.7,1,30,1
2.99354838709677,1,30,1
6.5,1,30,1
1.7,1,30,1
2.45,1,30,1
1,1,30,1
1.3,1,30,1
0.600000000000001,0,30,1
1.7,1,30,1
0.5,0,30,1
0.899999999999999,1,30,1
0.399999999999999,0,30,1
1,1,30,1
0.399999999999999,1,30,1
0.100000000000001,0,30,1
0.399999999999999,1,30,1
1.35,1,30,1
0.100000000000001,0,30,1
0.699999999999999,1,30,1
0.699999999999999,1,30,1
0.100000000000001,0,30,1
0.699999999999999,1,30,1
0.699999999999999,1,30,1
0.100000000000001,0,30,1
0.699999999999999,1,30,1
0.100000000000001,1,30,1
0.100000000000001,0,30,1
0.100000000000001,0,30,1
5.8,1,30,2
3.6,1,30,2
6.9,1,30,2
2.1,1,30,2
11.958,1,30,2
11.9,1,30,2
8.50816326530612,1,30,2
2.2,0,30,2
7.1,1,30,2
4.1,1,30,2
2.6,1,30,2
1.2,0,30,2
3.1,1,30,2
1.5,0,30,2
2.6,1,30,2
2.6,0,30,2
3.5,1,30,2
1.6,1,30,2
0.800000000000001,1,30,2
5.4,1,30,2
0.0913461538461551,0,30,2
0.100000000000001,0,30,2
0.5,1,30,2
5,1,30,2
0,0,30,2
0.0500000000000007,0,30,2
0,0,30,2
15.2,1,30,3
9,0,30,3
12.7018867924528,0,30,3
18.2,1,30,3
16.5,1,30,3
12.0175925925926,1,30,3
24.2096153846154,1,30,3
7.8,0,30,3
11.4088235294118,0,30,3
13.327,1,30,3
10.1,0,30,3
12.562962962963,0,30,3
14.5877358490566,1,30,3
12.5510869565217,0,30,3
13.4842592592593,1,30,3
12.4316326530612,0,30,3
13.5287037037037,1,30,3
11.3,0,30,3
12.5150943396226,1,30,3
11.1,0,30,3
13.622641509434,1,30,3
12.7820754716981,0,30,3
12.5575471698113,1,30,3
11.2044642857143,0,30,3
13.3307692307692,0,30,3
14.3763636363636,1,30,3
11.4,0,30,3
13.8409090909091,1,30,3
12.6705357142857,1,30,3
13.2009803921569,1,30,3
13.0826530612245,1,30,3
13.0051020408163,0,30,3
11.5240384615385,0,30,3
12.8205882352941,1,30,3
13.1207547169811,1,30,3
13.119387755102,1,30,3
11.5,0,30,3
13.0862745098039,1,30,3
12.5,0,30,4
15.5,1,30,4
10.856862745098,0,30,4
14.1,0,30,4
16.5,1,30,4
13.3,0,30,4
14.9,1,30,4
12.9,0,30,4
14.6,0,30,4
15.7,1,30,4
15.2,1,30,4
14.4,1,30,4
13.8,0,30,4
14.1,0,30,4
14.8,1,30,4
14.25,0,30,4
14.8,1,30,4
14.2,0,30,4
14.8,0,30,4
14.7,0,30,4
15.3,1,30,4
14.5,0,30,4
14.5,0,30,4
15.2,0,30,4
15.4,1,30,4
15.3,0,30,4
15.9,1,30,4
15.6,1,30,4
15.4,0,30,4
16,1,30,4
15.8,1,30,4
15.6,0,30,4
16.2,1,30,4
16.9,1,30,4
16.5,1,30,4
16.2,1,30,4
14.1,0,30,4
15.9,0,30,4
16.4,1,30,4
7.7,0,31,1
10.7,1,31,1
6.1,1,31,1
15.145,1,31,1
15.2,1,31,1
15.2,1,31,1
3.17075471698113,0,31,1
6.2,1,31,1
5.9,1,31,1
2.68240740740741,1,31,1
12.5094339622642,1,31,1
2.12448979591837,0,31,1
6.3,1,31,1
3.7,1,31,1
1.4156862745098,1,31,1
8,1,31,1
5.9,1,31,1
1.4,0,31,1
0.300000000000001,0,31,1
0.699999999999999,0,31,1
2.9,0,31,1
1.6,1,31,1
5.7,1,31,1
0.174074074074074,1,31,1
7.1,1,31,1
6.2,1,31,1
5.6,1,31,1
0.15,0,31,1
0.100000000000001,0,31,1
5.9,1,31,2
3.6,0,31,2
7.64150943396226,1,31,2
2.9,0,31,2
4.9,1,31,2
6.6,1,31,2
4.2,1,31,2
2.8,0,31,2
4.5,0,31,2
7.53125,1,31,2
2.7,0,31,2
4.7,1,31,2
4,0,31,2
5,1,31,2
4,0,31,2
4.7,1,31,2
4.1,1,31,2
3.6,1,31,2
2.7,0,31,2
3.1,0,31,2
3.4,0,31,2
4.6,1,31,2
3.8,1,31,2
3.3,1,31,2
2.5,0,31,2
2.8,0,31,2
4.6,1,31,2
4.4,0,31,2
2.9,0,31,2
4.8,0,31,2
15.2,0,31,3
21.3,0,31,3
25.0104166666667,0,31,3
26.931,0,31,3
28.1294117647059,0,31,3
28.7,1,31,3
22,1,31,3
0.199999999999999,0,31,3
0.199999999999999,0,31,3
2.8,0,31,3
11.2,0,31,3
25.105,0,31,3
25.915306122449,0,31,3
26.6352941176471,1,31,3
15.090625,0,31,3
20.7,0,31,3
24,0,31,3
25,0,31,3
27.8166666666667,0,31,3
29.3,1,31,3
27.7192307692308,1,31,3
24.9,1,31,3
19.3,0,31,3
21.3,0,31,3
22.8,0,31,3
21.1,1,31,3
14.1836538461538,0,31,3
16.7,0,31,3
18.4,0,31,3
19.7,0,31,3
20.8,0,31,3
21.6,0,31,3
22.3,0,31,3
22,0,31,3
22.5,0,31,3
23,0,31,3
23.4,0,31,3
23.8,0,31,3
12.5,0,31,4
15.5,1,31,4
10.9,0,31,4
14.1,0,31,4
16.5,1,31,4
13.3,0,31,4
14.9,0,31,4
16.3,1,31,4
15.9,1,31,4
14.8,1,31,4
13.6,1,31,4
8.89,0,31,4
10.3,0,31,4
11.695,0,31,4
14.2,1,31,4
11.9,0,31,4
14.4,1,31,4
12.9,0,31,4
14,0,31,4
15.2,0,31,4
16.9,1,31,4
16.4,1,31,4
15.9,0,31,4
17.7,1,31,4
17.1,1,31,4
12.6,0,31,4
16.1,1,31,4
13.3,0,31,4
15.2,0,31,4
16.3,1,31,4
13.6,0,31,4
14,0,31,4
15.2,0,31,4
14.4,0,31,4
14.9,1,31,4
16.3,1,31,4
14,0,31,4
16.1,0,31,4
16.6,0,31,4
17.2,1,31,4
4.7,1,32,1
2.973,1,32,1
6.5,1,32,1
1.7,0,32,1
3.9,1,32,1
2.2,1,32,1
1.25,0,32,1
2.85,1,32,1
1.4,1,32,1
4.6,1,32,1
1,0,32,1
1.05,1,32,1
4.4,1,32,1
0.300000000000001,0,32,1
0.5,0,32,1
1.8,1,32,1
0.600000000000001,0,32,1
1.55,1,32,1
1.65,1,32,1
0.699999999999999,0,32,1
1.3,1,32,1
1.32019230769231,1,32,1
1.3,1,32,1
0.600000000000001,1,32,1
0.300000000000001,0,32,1
0.399999999999999,0,32,1
0.600000000000001,0,32,1
1.4,1,32,1
0.699999999999999,1,32,1
5.9,1,32,2
3.6,0,32,2
7.643,1,32,2
2.9,0,32,2
4.9,1,32,2
6.63207547169812,1,32,2
4.2,0,32,2
5.4,1,32,2
4,0,32,2
4.7,1,32,2
3.9,1,32,2
2.6,0,32,2
3,0,32,2
4.5,1,32,2
3.6,0,32,2
4.4,0,32,2
5,1,32,2
4,0,32,2
4.1,1,32,2
4.9,1,32,2
3.7,0,32,2
4.5,0,32,2
5,1,32,2
4,0,32,2
4.1,0,32,2
4.3,1,32,2
4.9,0,32,2
5.3,1,32,2
5.2,0,32,2
15.1924528301887,0,32,3
21.3,1,32,3
17.6,0,32,3
22.5,0,32,3
0.199999999999999,0,32,3
8.2,0,32,3
24.408,1,32,3
20.1,0,32,3
25.6411764705882,1,32,3
22.1,0,32,3
25.8367346938776,1,32,3
23.2020408163265,1,32,3
21.4,0,32,3
22.3,0,32,3
23.3,0,32,3
25.2,1,32,3
23.9,0,32,3
26.1277777777778,0,32,3
13.2913461538462,0,32,3
29.3,0,32,3
5.6,0,32,3
10,0,32,3
13.597,0,32,3
10.8,0,32,3
13.6,0,32,3
15.5,1,32,3
6.4,0,32,3
9.8,0,32,3
12.3911764705882,0,32,3
14.2,0,32,3
15.5,0,32,3
15.2,1,32,3
9.6,0,32,3
11.445652173913,0,32,3
12.894,0,32,3
13.971875,1,32,3
9,0,32,3
10.5,0,32,3
12.5,0,32,4
15.5,0,32,4
17.2,1,32,4
10.8,0,32,4
14.5,1,32,4
4.99056603773585,0,32,4
4.917,0,32,4
14.9,0,32,4
8.85288461538461,0,32,4
17.7,1,32,4
16.4,1,32,4
15,0,32,4
16.9,0,32,4
19.1,1,32,4
18.6,1,32,4
15.1,0,32,4
16.4,0,32,4
17.941,1,32,4
16,0,32,4
16.7,0,32,4
17.75,0,32,4
18.7,1,32,4
18.4,1,32,4
16.3,0,32,4
17.25,0,32,4
18.3,1,32,4
16.9,0,32,4
17.0415094339623,0,32,4
17.4,0,32,4
17.2,0,32,4
17.9,0,32,4
18.45,1,32,4
17.45,0,32,4
17.5,0,32,4
18.35,1,32,4
17.6,0,32,4
17.5,0,32,4
18.2,1,32,4
17.5,0,32,4
7.7,1,33,1
4.65851063829787,1,33,1
2.96458333333333,1,33,1
6.5,1,33,1
1.7,1,33,1
2.45,1,33,1
1.1,0,33,1
3.1,1,33,1
1.1,1,33,1
2.2,1,33,1
0.699999999999999,0,33,1
0.600000000000001,0,33,1
1.4,1,33,1
0.699999999999999,0,33,1
1.3,1,33,1
1.3,0,33,1
0.600000000000001,0,33,1
1.2,1,33,1
1.3,0,33,1
1.9,1,33,1
1.15288461538462,0,33,1
1,0,33,1
1.05,0,33,1
1.73611111111111,1,33,1
1.07596153846154,1,33,1
1.167,0,33,1
1,0,33,1
1.04375,1,33,1
1.9,1,33,1
1.15096153846154,1,33,1
5.9,1,33,2
3.6,0,33,2
7.69807692307693,1,33,2
2.9,0,33,2
4.91170212765957,1,33,2
6.63854166666667,0,33,2
12,1,33,2
12,1,33,2
12,1,33,2
5.5,0,33,2
0.100000000000001,0,33,2
1,0,33,2
8.4,1,33,2
6.116,1,33,2
4.5,0,33,2
6.73627450980392,0,33,2
9.6,1,33,2
3.2,0,33,2
8.04479166666667,1,33,2
5.45,0,33,2
6.85,1,33,2
4.65,0,33,2
7.25,1,33,2
6.08823529411765,1,33,2
4.7,0,33,2
6.2,0,33,2
7.45,1,33,2
5.05344827586207,0,33,2
7.18301886792453,1,33,2
5.35,0,33,2
15.1843137254902,0,33,3
21.3,0,33,3
25,1,33,3
19.5,0,33,3
23.2,0,33,3
25.7,0,33,3
14.0795918367347,0,33,3
26.9,0,33,3
17.3,0,33,3
28.1,1,33,3
26.3,1,33,3
16.4,1,33,3
0.199999999999999,0,33,3
0,0,33,3
5.4,0,33,3
11.9561224489796,0,33,3
18.9,1,33,3
0.199999999999999,0,33,3
4.6,0,33,3
9.2,0,33,3
13.242,1,33,3
0.0500000000000007,0,33,3
3,0,33,3
6.8,0,33,3
5.5,0,33,3
8.4,1,33,3
0,0,33,3
0.300000000000001,0,33,3
3.6,0,33,3
6.1,0,33,3
8.1,0,33,3
9.9,1,33,3
2.7,0,33,3
4.6,0,33,3
5,0,33,3
6.5,0,33,3
7.8,0,33,3
8.9,0,33,3
12.5,1,33,4
9.5,0,33,4
14.1,1,33,4
10.9,0,33,4
15,1,33,4
10.3,0,33,4
11.8,1,33,4
10,0,33,4
11.6,0,33,4
12.7,1,33,4
12.1,0,33,4
13.7,0,33,4
4.92142857142857,0,33,4
17.4,1,33,4
16.1,1,33,4
13.7,1,33,4
13,0,33,4
16.5,1,33,4
9.7,0,33,4
14.5,1,33,4
13.1,1,33,4
12.7,1,33,4
11.1,0,33,4
12.7,0,33,4
13.8,0,33,4
15.3,1,33,4
10.7,0,33,4
14.4,1,33,4
11.2,1,33,4
10.1,0,33,4
14.5,1,33,4
10.8,0,33,4
14,0,33,4
14.9,0,33,4
16.4,1,33,4
15.8,0,33,4
18.05,1,33,4
17.25,1,33,4
9.49313725490196,0,33,4
16.1,1,33,4
7.7,1,34,1
4.7,1,34,1
2.94032258064516,1,34,1
6.5,1,34,1
2.45277777777778,1,34,1
1,1,34,1
1.34901960784314,1,34,1
0.600000000000001,0,34,1
1.72307692307692,1,34,1
0.5,0,34,1
0.899999999999999,1,34,1
0.399999999999999,0,34,1
1,1,34,1
0.399999999999999,1,34,1
0.100000000000001,0,34,1
0.399999999999999,1,34,1
1.3,1,34,1
0.100000000000001,0,34,1
0.699999999999999,1,34,1
0.699999999999999,1,34,1
0.100000000000001,0,34,1
0.699999999999999,1,34,1
0.699999999999999,1,34,1
0.100000000000001,0,34,1
0.699999999999999,1,34,1
0.100000000000001,1,34,1
0.100000000000001,0,34,1
0.100000000000001,0,34,1
5.9,0,34,2
8.39464285714286,1,34,2
4.3,1,34,2
12,1,34,2
12,1,34,2
4.9,1,34,2
12,1,34,2
11.375,1,34,2
4.7,1,34,2
2.2,0,34,2
3.6,1,34,2
2,1,34,2
9.54468085106383,1,34,2
5.6,0,34,2
12,1,34,2
12,1,34,2
10.2,1,34,2
0.25,0,34,2
4,1,34,2
4.1,0,34,2
0.35,0,34,2
0.899999999999999,0,34,2
5,0,34,2
0.800000000000001,0,34,2
7,1,34,2
6.61979166666667,0,34,2
0.899999999999999,0,34,2
15.2,0,34,3
21.3,0,34,3
25,0,34,3
26.9144230769231,1,34,3
19.6,0,34,3
24.3,1,34,3
12.0048076923077,0,34,3
15.7,0,34,3
23.8018867924528,1,34,3
22.6,1,34,3
15,0,34,3
23.2,1,34,3
21.9,1,34,3
20.6,1,34,3
17.6,0,34,3
20.8,0,34,3
23.7009433962264,0,34,3
9,0,34,3
12.0509803921569,0,34,3
27.6,0,34,3
0.199999999999999,0,34,3
0,0,34,3
0,0,34,3
0.600000000000001,0,34,3
6.6,0,34,3
0,0,34,3
4.9,0,34,3
8.4,0,34,3
10.7,0,34,3
9.3,0,34,3
11,0,34,3
12.2322916666667,0,34,3
13.3,0,34,3
13.0692307692308,0,34,3
13.8952830188679,0,34,3
14.4663461538462,0,34,3
12.5,1,34,4
9.5,1,34,4
14.2,1,34,4
10.4764705882353,0,34,4
20,1,34,4
20.2269230769231,1,34,4
10.0602040816327,0,34,4
16.3,1,34,4
11.191,1,34,4
8.4,0,34,4
9.65098039215686,0,34,4
11.8,1,34,4
10.1,0,34,4
11.5,0,34,4
13.1,0,34,4
19.3489583333333,1,34,4
16.8,1,34,4
7.65,0,34,4
13.6,0,34,4
17.7,1,34,4
16.3,1,34,4
8.6,0,34,4
13.4,0,34,4
16.2480392156863,1,34,4
13.3,1,34,4
9.4,0,34,4
14.9,1,34,4
10.4,0,34,4
12.1,0,34,4
14.6,0,34,4
15.8,1,34,4
10.8,0,34,4
15.3,0,34,4
16.5,1,34,4
16.1,0,34,4
17.55,1,34,4
17.1,1,34,4
10.5,0,34,4
10.8915094339623,0,34,4
7.7,1,35,1
4.7,1,35,1
2.94245283018868,1,35,1
6.5,1,35,1
2.43396226415094,1,35,1
1,1,35,1
1.3,1,35,1
0.600000000000001,0,35,1
1.7,1,35,1
0.5,0,35,1
0.899999999999999,0,35,1
1.51875,1,35,1
0.699999999999999,0,35,1
0.699999999999999,1,35,1
0.300000000000001,0,35,1
0.899999999999999,1,35,1
0.300000000000001,0,35,1
1,1,35,1
1,1,35,1
1.05,1,35,1
0.300000000000001,0,35,1
1,1,35,1
0.399999999999999,1,35,1
0.300000000000001,0,35,1
0.300000000000001,1,35,1
0.300000000000001,0,35,1
0.300000000000001,1,35,1
0.100000000000001,0,35,1
0.100000000000001,0,35,1
5.86836734693877,0,35,2
8.35,0,35,2
5,0,35,2
9.87788461538462,1,35,2
7.31792452830189,0,35,2
9.259375,1,35,2
6.85,0,35,2
8.89615384615385,1,35,2
7.95,1,35,2
4.7,0,35,2
9.88265306122449,1,35,2
7.94803921568627,0,35,2
8.33584905660377,1,35,2
7,0,35,2
8.79903846153846,0,35,2
10.2,0,35,2
1.3,0,35,2
3.2,0,35,2
11.2865384615385,1,35,2
10.5789473684211,0,35,2
2.19811320754717,0,35,2
12,1,35,2
12,1,35,2
11.4,1,35,2
10.7,1,35,2
9.9,1,35,2
9.6,1,35,2
9.39,0,35,2
6.8,1,35,2
5.2,0,35,2
15.2,1,35,3
9,1,35,3
5.3,0,35,3
10.8,1,35,3
7.1,0,35,3
11.8,1,35,3
7.8,0,35,3
9.1,1,35,3
8.4,1,35,3
7.6,1,35,3
5.9,0,35,3
6.4,0,35,3
7.8,1,35,3
6.9,0,35,3
7.9,1,35,3
6.9,0,35,3
7.9,1,35,3
7,1,35,3
7,1,35,3
5.8,1,35,3
3.2,0,35,3
4.1,0,35,3
4.9,0,35,3
5.6,0,35,3
6.1,0,35,3
7.1,1,35,3
6.1,1,35,3
4.9,0,35,3
5.3,0,35,3
8.1,1,35,3
5.9,0,35,3
6.1,1,35,3
5.4,0,35,3
8,1,35,3
5.8,0,35,3
6,1,35,3
7.8,1,35,3
5.5,0,35,3
7.5,1,35,3
6.5,1,35,3
12.5,0,35,4
15.5,1,35,4
10.9,0,35,4
14.1,1,35,4
10,0,35,4
14.7,1,35,4
13.2,1,35,4
12,0,35,4
13.3,0,35,4
15.5,1,35,4
12.1,0,35,4
13.6,1,35,4
12.9,0,35,4
13.7,0,35,4
14.7,0,35,4
17.8,1,35,4
16.9,1,35,4
15.9,1,35,4
14.5,0,35,4
17,1,35,4
11.8,0,35,4
15.5,0,35,4
17.6,1,35,4
16.8462264150943,1,35,4
12.2,0,35,4
15.7,1,35,4
14.4,0,35,4
15.9,1,35,4
13.6,0,35,4
14.1,0,35,4
14.2,0,35,4
14.3,0,35,4
14.3,0,35,4
14.4,1,35,4
15.7,1,35,4
13.9,0,35,4
15.3,0,35,4
16,1,35,4
14.1,0,35,4
14.2,0,35,4
7.7,1,36,1
4.7,1,36,1
2.95,1,36,1
6.5,1,36,1
1.75,1,36,1
2.5,1,36,1
1,1,36,1
1.3,1,36,1
0.600000000000001,1,36,1
0.699999999999999,1,36,1
0.699999999999999,1,36,1
0.399999999999999,1,36,1
0.399999999999999,1,36,1
0.399999999999999,1,36,1
0.399999999999999,1,36,1
0.399999999999999,1,36,1
0.399999999999999,1,36,1
0.399999999999999,1,36,1
0.399999999999999,1,36,1
0.399999999999999,1,36,1
0.399999999999999,1,36,1
0.399999999999999,1,36,1
0.399999999999999,1,36,1
0.399999999999999,1,36,1
0.399999999999999,1,36,1
0.399999999999999,1,36,1
0.399999999999999,1,36,1
0.399999999999999,1,36,1
0.399999999999999,1,36,1
0.399999999999999,1,36,1
8.36018518518518,1,36,2
4.3,0,36,2
7.25,1,36,2
3.4,0,36,2
7.95490196078431,1,36,2
6.35,1,36,2
5.2054347826087,1,36,2
11,1,36,2
3,0,36,2
5.3,0,36,2
3.6,0,36,2
5.71428571428572,1,36,2
3.9,0,36,2
6.3,1,36,2
5.14807692307692,1,36,2
4.7,0,36,2
5.7,1,36,2
5.5,0,36,2
6.5125,1,36,2
4.5,0,36,2
6,0,36,2
6.89230769230769,1,36,2
4.5,1,36,2
3.3,0,36,2
3.8,0,36,2
6.71415094339623,1,36,2
4.4,1,36,2
3.5,0,36,2
6.60094339622642,1,36,2
15.1047169811321,0,36,3
21.3,0,36,3
25,1,36,3
19.5,0,36,3
23.2122448979592,0,36,3
25.7,0,36,3
14,0,36,3
26.9,0,36,3
17.3,0,36,3
28.1,0,36,3
27.8,0,36,3
29.2163793103448,1,36,3
27.4229166666667,1,36,3
15.871568627451,0,36,3
20.3,0,36,3
25.3,0,36,3
26.7,0,36,3
28.7326923076923,1,36,3
29.6269230769231,1,36,3
27.3230769230769,1,36,3
30,0,36,3
21.2,1,36,3
8.6,0,36,3
12.7,0,36,3
16.689,0,36,3
19.7,0,36,3
21.7,0,36,3
22.9,0,36,3
23.705,0,36,3
22.9,0,36,3
23.5,0,36,3
24,0,36,3
24.4,0,36,3
24.7,0,36,3
24.5,0,36,3
24.8009090909091,0,36,3
25.1,0,36,3
25.3049019607843,0,36,3
12.5,0,36,4
15.5,0,36,4
17.2,1,36,4
10.8,0,36,4
14.5,0,36,4
16.6,1,36,4
14.6,0,36,4
16.1,0,36,4
17.3,1,36,4
17,1,36,4
16,0,36,4
16.5444444444444,0,36,4
17.25,1,36,4
16.4,0,36,4
17,0,36,4
17.6,1,36,4
17.45,1,36,4
16.7,1,36,4
16.2,0,36,4
16.95,0,36,4
17.4,0,36,4
18.2,1,36,4
17.9,1,36,4
16,0,36,4
17.5,1,36,4
16.35,0,36,4
17.3,0,36,4
17.75,1,36,4
17.644,1,36,4
16.4,0,36,4
17.45,1,36,4
16.6,0,36,4
17.3814814814815,0,36,4
17.5,0,36,4
17.8173076923077,1,36,4
17.7,1,36,4
16.6458333333333,0,36,4
16.8,0,36,4
16.9,0,36,4
16.9,0,36,4
7.7,1,37,1
4.7,1,37,1
3,1,37,1
6.5,1,37,1
1.72916666666667,1,37,1
2.45,1,37,1
1.05,1,37,1
1.3,0,37,1
6.4,1,37,1
4.3,1,37,1
0.800000000000001,0,37,1
2.44038461538461,0,37,1
8.1,1,37,1
6,1,37,1
3.96363636363636,1,37,1
0.399999999999999,0,37,1
1.848,1,37,1
1.9,0,37,1
0.100000000000001,0,37,1
0.300000000000001,0,37,1
2.65,1,37,1
1.20092592592593,1,37,1
0.199999999999999,0,37,1
2.1,1,37,1
1.77,1,37,1
1.6,1,37,1
1.6,0,37,1
0.300000000000001,0,37,1
0.399999999999999,0,37,1
2.03928571428571,1,37,1
8.359,1,37,2
4.3,0,37,2
7.22543859649123,1,37,2
3.4,0,37,2
7.963,1,37,2
6.3,0,37,2
7.77941176470588,1,37,2
6.6,1,37,2
5.63076923076923,1,37,2
2.5,0,37,2
3.6,1,37,2
12,1,37,2
12,1,37,2
1,0,37,2
2.5,0,37,2
4.9,0,37,2
5.1,1,37,2
1.9,0,37,2
2.9,0,37,2
4.3,0,37,2
5.81851851851852,0,37,2
7.73173076923077,1,37,2
5.41018518518518,1,37,2
3.9,0,37,2
7.225,1,37,2
4.5,1,37,2
3.3,1,37,2
1.6,0,37,2
8.05588235294118,1,37,2
15.1913461538462,0,37,3
21.3,0,37,3
25.0038461538462,1,37,3
19.5,0,37,3
23.2163265306122,0,37,3
25.7223404255319,0,37,3
14.1,0,37,3
26.9647058823529,1,37,3
17.8,0,37,3
25.1066037735849,1,37,3
24.45,0,37,3
27.619,1,37,3
26.2,1,37,3
23.7,1,37,3
19.4,0,37,3
22.0109090909091,1,37,3
14.5774509803922,0,37,3
17.3,0,37,3
27.5,1,37,3
22.5,0,37,3
22.9230769230769,0,37,3
26.3,1,37,3
23.9367924528302,0,37,3
23.433,1,37,3
26.7548076923077,1,37,3
22.0288461538462,0,37,3
22.4,1,37,3
20.7,0,37,3
26.3330188679245,1,37,3
21.5036363636364,1,37,3
20,0,37,3
26.3575471698113,1,37,3
20.8,1,37,3
19.3,0,37,3
19.8,1,37,3
17.8,0,37,3
27.1594339622642,1,37,3
19.1,0,37,3
26.2,0,37,3
27.8638888888889,0,37,3
12.5,0,37,4
15.5,0,37,4
17.2,1,37,4
10.8,0,37,4
14.5,0,37,4
16.6,0,37,4
17.9,1,37,4
15.9,0,37,4
17.6588235294118,1,37,4
16.7,1,37,4
15.8,0,37,4
17.05,1,37,4
16.3,1,37,4
15.4,0,37,4
16.4490384615385,0,37,4
17.2,1,37,4
16.4,0,37,4
16.3,0,37,4
17.05,0,37,4
17.5,1,37,4
17.3,1,37,4
16.8,0,37,4
16.6,0,37,4
16.6,0,37,4
16.6040816326531,0,37,4
17.4,1,37,4
16.65,0,37,4
16.6,0,37,4
17.3190909090909,1,37,4
16.6,0,37,4
16.6,0,37,4
17.4,1,37,4
16.6903846153846,0,37,4
17.2,0,37,4
17.2244897959184,1,37,4
17.3,1,37,4
17.25,1,37,4
16.6,0,37,4
17.2,0,37,4
17.3,1,37,4
7.7,1,38,1
4.7,1,38,1
2.9,1,38,1
6.5,1,38,1
2.4,1,38,1
1,0,38,1
3.05294117647059,1,38,1
1.1,0,38,1
1.9,1,38,1
1.04,0,38,1
1.5,0,38,1
2,1,38,1
1.4,1,38,1
0.899999999999999,0,38,1
1.5,0,38,1
2.05673076923077,1,38,1
1.4,1,38,1
0.899999999999999,1,38,1
0.399999999999999,1,38,1
5.7,1,38,1
4.1,1,38,1
0.100000000000001,0,38,1
0.199999999999999,0,38,1
0.399999999999999,0,38,1
0.100000000000001,0,38,1
0.100000000000001,0,38,1
0.199999999999999,0,38,1
2.2,1,38,1
5.9,1,38,2
3.6,1,38,2
6.9,1,38,2
2.1,0,38,2
4.6,1,38,2
2.7,0,38,2
12,1,38,2
12,1,38,2
9.88529411764706,1,38,2
4.1,0,38,2
10.093,1,38,2
1.4,0,38,2
3.9,1,38,2
1.2,0,38,2
5.1,0,38,2
8.51132075471698,1,38,2
1.4,0,38,2
6.6,1,38,2
3.9,0,38,2
6.3,1,38,2
4.9,0,38,2
4.9,1,38,2
2.7,0,38,2
6.3,1,38,2
3.4,0,38,2
3.9,0,38,2
5.7,1,38,2
4.3,0,38,2
4.4,0,38,2
15.143,0,38,3
21.3,0,38,3
25,1,38,3
19.5,0,38,3
23.2,1,38,3
18.5,0,38,3
22.5,1,38,3
21.2,1,38,3
16.3,0,38,3
20.1,0,38,3
21.9,1,38,3
20.6,0,38,3
21.4,0,38,3
22.7,0,38,3
25.9027272727273,1,38,3
24.8,0,38,3
9.6,0,38,3
12.7,0,38,3
27.3086538461539,1,38,3
26.1,0,38,3
10.8,0,38,3
3.5,0,38,3
7.6,0,38,3
11.2,0,38,3
8.7,0,38,3
11.5283018867925,0,38,3
13.5578431372549,0,38,3
13.2,0,38,3
14.5201754385965,0,38,3
15.6666666666667,0,38,3
15.8,0,38,3
16.5913461538462,1,38,3
13.1211538461538,0,38,3
14.253,0,38,3
15.0971698113208,0,38,3
15.8,0,38,3
12.5,0,38,4
15.5,1,38,4
10.9,0,38,4
14.1,0,38,4
16.5,0,38,4
4.9,0,38,4
7.25555555555555,0,38,4
17.3,1,38,4
15.9,1,38,4
10.378,0,38,4
15.9,1,38,4
14.8,0,38,4
16.4,0,38,4
9.1,0,38,4
19,1,38,4
18.4,1,38,4
17.8,1,38,4
14.2,0,38,4
15.7,0,38,4
17.6,1,38,4
14.8,0,38,4
16.7,0,38,4
17.9,0,38,4
19.2,1,38,4
18.9,1,38,4
18.5991228070175,1,38,4
14.8,0,38,4
17.9,0,38,4
19,1,38,4
18.7408163265306,1,38,4
15,0,38,4
15.4,0,38,4
16.85,0,38,4
16.5,0,38,4
16.6,0,38,4
16.6,0,38,4
16.6,0,38,4
16.7,0,38,4
16.75,0,38,4
17.1,0,38,4
7.7,1,39,1
4.7,1,39,1
2.95,1,39,1
6.5,1,39,1
1.75204081632653,0,39,1
3.85,1,39,1
2.2,0,39,1
4.3,1,39,1
1.90096153846154,0,39,1
2.9,1,39,1
2.4,1,39,1
1.8,0,39,1
2.6,0,39,1
3.198,1,39,1
2.3,1,39,1
1.5,0,39,1
1.78854166666667,0,39,1
2.67314814814815,1,39,1
2.55,0,39,1
3.1,0,39,1
4,1,39,1
3.5,1,39,1
1.79705882352941,0,39,1
3.08942307692308,1,39,1
3,1,39,1
2.3,1,39,1
1.85,1,39,1
1.42857142857143,1,39,1
0.600000000000001,0,39,1
0.800000000000001,1,39,1
5.9,1,39,2
3.6,1,39,2
6.91764705882353,1,39,2
2.1,0,39,2
4.6,1,39,2
2.7,0,39,2
5.1,1,39,2
3.1,0,39,2
4,0,39,2
7.23207547169811,1,39,2
2.1,0,39,2
4,1,39,2
3.6,1,39,2
2.4,0,39,2
3.7,1,39,2
3.6,0,39,2
4.5,0,39,2
7.3,1,39,2
6.24056603773585,1,39,2
2.1,0,39,2
4.6,1,39,2
4.3,1,39,2
2.9,0,39,2
4,1,39,2
4,1,39,2
3.1,0,39,2
3.9,1,39,2
3.8,0,39,2
4.1,1,39,2
3.2,0,39,2
15.2,0,39,3
21.3,0,39,3
25,1,39,3
19.5,0,39,3
23.2,1,39,3
18.5,0,39,3
22.5,1,39,3
21.2,0,39,3
21.9,0,39,3
22.7,1,39,3
21.8,0,39,3
22.7,0,39,3
24,1,39,3
22.6,1,39,3
22.8,0,39,3
24.9107142857143,1,39,3
24.2,1,39,3
22.6,1,39,3
21.2,0,39,3
22.701,0,39,3
23.8088235294118,0,39,3
26.1,1,39,3
25.1081632653061,1,39,3
20.9,1,39,3
17,0,39,3
18.6,0,39,3
20,0,39,3
24.6,1,39,3
21.2,1,39,3
19.3,1,39,3
14.3941176470588,0,39,3
16.2,0,39,3
17.9,1,39,3
11.253,0,39,3
13.5714285714286,0,39,3
27.9156862745098,1,39,3
17.3,1,39,3
11.1305555555556,0,39,3
13.4,0,39,3
28,1,39,3
12.5,0,39,4
15.5,0,39,4
17.2,1,39,4
10.8,0,39,4
14.5,0,39,4
16.6,1,39,4
14.6,0,39,4
16.1,1,39,4
15.1,0,39,4
16.4,0,39,4
17.8275510204082,1,39,4
17.4,1,39,4
15.9,0,39,4
16.9,1,39,4
16,0,39,4
16.6,1,39,4
16,0,39,4
16.6,1,39,4
16.1,0,39,4
16,0,39,4
16.6,0,39,4
16.65,0,39,4
17.15,1,39,4
16.4,0,39,4
16.3,0,39,4
17,1,39,4
16.3,0,39,4
16.3,0,39,4
16.3,0,39,4
17,0,39,4
17,0,39,4
17.35,1,39,4
17.1,1,39,4
17.1,1,39,4
17,0,39,4
17.2,1,39,4
17,0,39,4
17.4,1,39,4
16.6,0,39,4
16.6,0,39,4
7.7,1,40,1
4.7,1,40,1
2.98823529411765,1,40,1
6.5,1,40,1
1.75,1,40,1
2.48627450980392,1,40,1
1,0,40,1
3.07403846153846,1,40,1
1.10769230769231,0,40,1
1.94017857142857,1,40,1
1,1,40,1
0.5,0,40,1
0.5,0,40,1
1.52708333333333,1,40,1
0.600000000000001,1,40,1
2.553,1,40,1
0.300000000000001,0,40,1
0.399999999999999,0,40,1
1.35,1,40,1
0.600000000000001,1,40,1
0.100000000000001,0,40,1
1.5,1,40,1
0.300000000000001,0,40,1
1,1,40,1
1,1,40,1
0.300000000000001,0,40,1
1.05,1,40,1
1,1,40,1
0.399999999999999,0,40,1
1.065,1,40,1
5.8265306122449,1,40,2
3.55,1,40,2
6.9,1,40,2
2.1,0,40,2
4.6,1,40,2
2.7,0,40,2
5.1,1,40,2
3.1,0,40,2
4,1,40,2
2.7,0,40,2
3.5,1,40,2
2.9,0,40,2
3.4,0,40,2
3.8,1,40,2
3.7,1,40,2
3.1,1,40,2
2.7,0,40,2
3.3,1,40,2
2.8,0,40,2
3.4,1,40,2
3.4,1,40,2
2.9,0,40,2
3.4,0,40,2
3.4,1,40,2
3.2,0,40,2
3.1,0,40,2
3.1,0,40,2
3.1,0,40,2
3.1,0,40,2
15.2,0,40,3
21.3,1,40,3
17.6,1,40,3
12.1160377358491,0,40,3
13.9,0,40,3
18.3,1,40,3
16.4,0,40,3
17,0,40,3
19,0,40,3
5.4,0,40,3
23.2,1,40,3
20.2,1,40,3
18.5,1,40,3
17.9,0,40,3
22.1,1,40,3
15.2,0,40,3
19.3,0,40,3
22.7,1,40,3
21.5,0,40,3
26.5330357142857,1,40,3
24.9,1,40,3
23.4031914893617,0,40,3
8.2,0,40,3
27.5,1,40,3
25.9,1,40,3
24.3145833333333,1,40,3
14.9,0,40,3
21.9,1,40,3
21,1,40,3
20.7,1,40,3
20.3,0,40,3
15.9,0,40,3
21.8,0,40,3
15.6,0,40,3
23.2039215686274,1,40,3
22.8,0,40,3
24.6,1,40,3
16,0,40,3
23.7083333333333,0,40,3
25.4,1,40,3
12.5,0,40,4
15.5,1,40,4
10.8833333333333,0,40,4
14.1,0,40,4
16.5,1,40,4
13.3,0,40,4
14.9,0,40,4
16.3,1,40,4
15.9,1,40,4
14.8,0,40,4
15.3,1,40,4
14.7,0,40,4
15.4,0,40,4
16,1,40,4
15.1,0,40,4
15.8,0,40,4
16.6,1,40,4
16.3,0,40,4
17.8510416666667,1,40,4
17.3,0,40,4
9.09387755102041,0,40,4
19.603125,1,40,4
18.5,0,40,4
5.91836734693878,0,40,4
8.4,0,40,4
20.3211538461538,1,40,4
19.5288461538462,1,40,4
18.49375,0,40,4
9.75,0,40,4
20,0,40,4
7.24270833333333,0,40,4
9.128,0,40,4
10.4636363636364,0,40,4
19.9875,0,40,4
9.64591836734694,0,40,4
10.652,0,40,4
20.0942307692308,1,40,4
20,1,40,4
20,1,40,4
19.994,1,40,4
7.7,1,41,1
4.7,1,41,1
2.95,1,41,1
6.5,1,41,1
1.7,0,41,1
3.9,1,41,1
2.246,1,41,1
1.23461538461538,1,41,1
7,1,41,1
4.8,1,41,1
1.2,0,41,1
0.800000000000001,0,41,1
1.7,1,41,1
0.5,0,41,1
2.30480769230769,1,41,1
0.899999999999999,0,41,1
1.6,1,41,1
0.800000000000001,0,41,1
1.6,1,41,1
1.6,1,41,1
1,0,41,1
1,0,41,1
1.6,1,41,1
1,0,41,1
1.6,1,41,1
1,1,41,1
1.2,1,41,1
1.347,1,41,1
5.9,0,41,2
8.4,1,41,2
4.3,1,41,2
12,1,41,2
12,1,41,2
4.9,0,41,2
12,1,41,2
5.3,0,41,2
5.1,0,41,2
7.24895833333333,1,41,2
4.9,0,41,2
6.7,1,41,2
5.1,0,41,2
6.9311320754717,1,41,2
6.25,1,41,2
5.3,1,41,2
3.2,0,41,2
4,1,41,2
0.100000000000001,0,41,2
1,0,41,2
3.1,0,41,2
7.42647058823529,1,41,2
4.8,0,41,2
5,0,41,2
5.134,1,41,2
7.20102040816327,1,41,2
4.3313725490196,0,41,2
4.6,1,41,2
7.35,1,41,2
15.1,0,41,3
21.25,0,41,3
19.5,0,41,3
23.2,0,41,3
25.7,0,41,3
14,0,41,3
26.9,0,41,3
17.3,0,41,3
28.1173076923077,1,41,3
26.3137254901961,1,41,3
16.3,0,41,3
20.4,0,41,3
26.8265306122449,1,41,3
25.0109090909091,0,41,3
28.2401785714286,1,41,3
27.6877551020408,1,41,3
24.8642857142857,1,41,3
23.7,0,41,3
27.3275510204082,1,41,3
24.25,0,41,3
25.6,0,41,3
27.522641509434,0,41,3
29.125,0,41,3
19.53,0,41,3
16.9,0,41,3
19.2,0,41,3
18.4,0,41,3
19.9,0,41,3
20.9,1,41,3
16.4,0,41,3
18.2,0,41,3
19.4,0,41,3
20.3,0,41,3
20.2,0,41,3
20.8,0,41,3
21.3,1,41,3
12.5,0,41,4
15.5,1,41,4
10.8990384615385,0,41,4
14.1,0,41,4
16.6153846153846,1,41,4
13.3,1,41,4
4.95,0,41,4
6.45,0,41,4
9.45740740740741,0,41,4
14,0,41,4
16.6,1,41,4
14.6,0,41,4
16.2,1,41,4
14.3,1,41,4
11.6970588235294,0,41,4
16.4,1,41,4
13.8,0,41,4
14.9,0,41,4
14.6,0,41,4
14.6,0,41,4
15.7,0,41,4
16.9,1,41,4
14.9,0,41,4
15.2,0,41,4
16.4,1,41,4
15.5,0,41,4
15.4,1,41,4
14.8,1,41,4
17.3372340425532,1,41,4
14.3,1,41,4
17.7,1,41,4
13.2,0,41,4
17,1,41,4
13.9,0,41,4
14.1,1,41,4
13.1,0,41,4
16.8,1,41,4
13.6,0,41,4
13.8,0,41,4
16.4,0,41,4
7.7,1,42,1
4.68137254901961,1,42,1
6.45454545454545,1,42,1
1.8,1,42,1
2.5,1,42,1
1,1,42,1
1.35,1,42,1
0.600000000000001,1,42,1
0.699999999999999,1,42,1
0.699999999999999,1,42,1
0.399999999999999,1,42,1
0.399999999999999,1,42,1
0.399999999999999,1,42,1
0.399999999999999,1,42,1
0.399999999999999,1,42,1
0.399999999999999,0,42,1
0.399999999999999,1,42,1
0.399999999999999,1,42,1
0.399999999999999,1,42,1
0.399999999999999,1,42,1
0.399999999999999,1,42,1
0.399999999999999,1,42,1
0.399999999999999,1,42,1
0.399999999999999,1,42,1
0.399999999999999,1,42,1
0.399999999999999,1,42,1
0.399999999999999,1,42,1
0.399999999999999,1,42,1
0.399999999999999,1,42,1
5.9,1,42,2
3.6,0,42,2
7.664,1,42,2
2.9,0,42,2
4.9,1,42,2
6.6,1,42,2
4.2,1,42,2
2.8,1,42,2
10.8,1,42,2
8.6234693877551,1,42,2
2,0,42,2
2.2,1,42,2
8.87264150943396,1,42,2
0.699999999999999,0,42,2
1.1,0,42,2
3.2,0,42,2
3.2,0,42,2
3.1,0,42,2
3.2,0,42,2
4.5,1,42,2
3.3,0,42,2
4.3,0,42,2
5,1,42,2
3.6,0,42,2
3.7,0,42,2
4.7,1,42,2
3.9,0,42,2
4.4,1,42,2
3.9,1,42,2
3.5,0,42,2
15.2,1,42,3
9,0,42,3
12.8,0,42,3
18.15,1,42,3
16.45,0,42,3
0.199999999999999,0,42,3
23.1867924528302,1,42,3
21.3960784313725,1,42,3
15.4,1,42,3
11.3,1,42,3
0.00833333333333345,0,42,3
0.0181818181818184,0,42,3
0,0,42,3
0.0317307692307697,0,42,3
0.0160377358490568,0,42,3
0,0,42,3
0.0187500000000003,0,42,3
0,0,42,3
0.0500000000000007,0,42,3
0,0,42,3
0,0,42,3
0,0,42,3
0,0,42,3
0,0,42,3
0,0,42,3
1.5,0,42,3
1.51122448979592,0,42,3
3.284375,0,42,3
4.6,0,42,3
5.79574468085106,0,42,3
6.9,0,42,3
7.9,0,42,3
7.8,0,42,3
8.6,0,42,3
12.5,0,42,4
15.5,1,42,4
10.9,1,42,4
20.05,1,42,4
20,1,42,4
9.68181818181818,0,42,4
12.1,0,42,4
5.4,0,42,4
13.9,0,42,4
16.4,1,42,4
13.4,0,42,4
14.7,0,42,4
16,0,42,4
10.288,0,42,4
17.5,1,42,4
13.9,0,42,4
15.7,0,42,4
17.1,1,42,4
16.9,1,42,4
15.5,0,42,4
15.9,0,42,4
16.7,1,42,4
15.8,0,42,4
16.1,1,42,4
15.6,0,42,4
16.4,1,42,4
15.7,0,42,4
16.3,0,42,4
16.7,1,42,4
16.1,0,42,4
16.1,0,42,4
16,0,42,4
16.75,1,42,4
16,0,42,4
16.0197916666667,0,42,4
16.7,1,42,4
16,0,42,4
16.6,0,42,4
16.7,1,42,4
16.7,1,42,4
4.7,1,43,1
3,1,43,1
6.5,1,43,1
1.70258620689655,1,43,1
2.45673076923077,1,43,1
1.05294117647059,1,43,1
1.3,1,43,1
0.600000000000001,1,43,1
0.699999999999999,1,43,1
0.699999999999999,1,43,1
0.399999999999999,1,43,1
0.399999999999999,1,43,1
0.399999999999999,1,43,1
0.399999999999999,1,43,1
0.399999999999999,1,43,1
0.399999999999999,1,43,1
0.399999999999999,1,43,1
0.399999999999999,1,43,1
0.399999999999999,1,43,1
0.399999999999999,1,43,1
0.399999999999999,1,43,1
0.399999999999999,1,43,1
0.399999999999999,1,43,1
0.399999999999999,1,43,1
0.399999999999999,1,43,1
0.399999999999999,1,43,1
0.399999999999999,1,43,1
0.399999999999999,1,43,1
5.9,0,43,2
8.4,1,43,2
4.3,0,43,2
7.288,1,43,2
3.4,0,43,2
7.98301886792453,1,43,2
6.4,1,43,2
5.2,1,43,2
11,1,43,2
3,0,43,2
5.32363636363636,0,43,2
3.6,1,43,2
12,1,43,2
0.100000000000001,0,43,2
1.4,1,43,2
12,1,43,2
12,1,43,2
12,1,43,2
0.600000000000001,0,43,2
2.1,0,43,2
3.1,0,43,2
4.067,1,43,2
1.1,1,43,2
11.9744680851064,1,43,2
0.100000000000001,0,43,2
0.100000000000001,0,43,2
0.15,0,43,2
1,1,43,2
9.9,1,43,2
0.100000000000001,0,43,2
15.2,1,43,3
9.021,0,43,3
12.7368421052632,0,43,3
18.2,1,43,3
16.5,0,43,3
0.199999999999999,0,43,3
23.2,1,43,3
21.4,1,43,3
15.4,0,43,3
20.1,0,43,3
0.199999999999999,0,43,3
2.6,0,43,3
25.8,1,43,3
19.5,1,43,3
22.9049019607843,1,43,3
16.2,0,43,3
18.3943396226415,0,43,3
23.5,0,43,3
0.15,0,43,3
0.100000000000001,0,43,3
0,0,43,3
0,0,43,3
0,0,43,3
1.54901960784314,0,43,3
0.300000000000001,0,43,3
3.3,0,43,3
5.5,0,43,3
7.2,0,43,3
7.2,0,43,3
8.5,0,43,3
9.6,0,43,3
10.5,0,43,3
10.7,0,43,3
11.3942307692308,0,43,3
12,0,43,3
12.5,0,43,4
15.5,1,43,4
10.8932692307692,0,43,4
14.1,1,43,4
10,0,43,4
14.7,1,43,4
13.2,0,43,4
15,0,43,4
4.9,0,43,4
7.65384615384616,0,43,4
16.6,1,43,4
14.5,1,43,4
14.5,1,43,4
13,0,43,4
13.8,0,43,4
14.6,0,43,4
16.65,1,43,4
16,1,43,4
13,0,43,4
15.0058823529412,1,43,4
14.2,0,43,4
15.2,0,43,4
16.3,1,43,4
15.9,0,43,4
17.5021276595745,1,43,4
17.2019607843137,1,43,4
12.9,0,43,4
16.2,1,43,4
13.3,0,43,4
15.6,1,43,4
15.4,0,43,4
16.2,1,43,4
13.5,0,43,4
15.8,1,43,4
13.8,0,43,4
15.6,0,43,4
16.1,0,43,4
16.7,0,43,4
17.5,1,43,4
17.2,1,43,4
